{"IMG_0716.JPG":[[675.8591308594,359.4295349121,685.7835693359,356.8592529297,682.1991577148,507.4592895508,671.3741455078,504.1390686035,1.0]],"IMG_1175.JPG":[[597.6393432617,405.1574707031,598.2708740234,395.7375183105,604.9732055664,550.5051269531,590.9774169922,546.196105957,1.0]],"IMG_1176.JPG":[[614.8089599609,394.842956543,648.3927001953,383.953918457,652.8947753906,539.2494506836,629.6642456055,531.8109741211,1.0]],"IMG_1202.JPG":[[523.2529296875,396.2797851562,551.5858764648,390.1263122559,543.6335449219,559.832824707,532.8460083008,553.6607666016,1.0]],"IMG_1204.JPG":[[476.162902832,394.5886230469,496.6359863281,393.4879760742,499.3249816895,549.8277587891,476.8691711426,542.2312011719,1.0]],"IMG_1465.JPG":[[706.700378418,411.056854248,716.8335571289,403.0765380859,711.5495605469,552.6439208984,710.352355957,549.6156616211,1.0]],"IMG_1750.JPG":[[660.7838745117,424.4150695801,676.5673828125,412.3096618652,677.3568115234,576.4031982422,656.7688598633,571.4863891602,1.0]],"IMG_1752.JPG":[[573.038269043,417.897857666,600.6281738281,412.6279602051,595.8656005859,566.9273071289,580.5998535156,564.8263549805,1.0]],"IMG_1777.JPG":[[721.8084106445,412.0907287598,768.5836181641,419.5313110352,767.1195068359,555.9575195312,720.4636230469,558.5168457031,1.0]],"IMG_1818.JPG":[[579.7567138672,452.0512084961,627.9220581055,440.4908447266,617.763671875,546.3399047852,582.466003418,549.1907958984,1.0]],"IMG_2464.JPG":[[602.7532348633,467.8284912109,630.1497192383,456.2227478027,630.5352783203,588.7003173828,601.538269043,587.5815429688,1.0]],"IMG_2925.JPG":[[566.5754394531,424.208770752,593.0734863281,409.3149108887,589.9854125977,552.4066162109,565.8011474609,556.0803833008,1.0]],"IMG_2978.JPG":[[653.2439575195,502.9621276855,680.1039428711,483.8354187012,680.9616088867,680.3926391602,654.3311157227,688.3269042969,1.0]],"IMG_2979.JPG":[[665.3970336914,488.145324707,678.4489746094,472.6243286133,681.5639648438,681.2567749023,658.1927490234,680.2023925781,1.0]],"IMG_4743.JPG":[[615.4525756836,301.9616699219,650.6243286133,293.4517822266,653.4829101562,535.8350219727,622.9570922852,533.1588134766,1.0]],"IMG_4746.JPG":[[572.9038696289,329.1993713379,602.4869384766,314.9872741699,597.5023193359,532.2237548828,581.9360351562,529.166809082,1.0]],"IMG_4749.JPG":[[615.2671508789,328.4525146484,634.5927734375,318.1357727051,633.5755615234,501.9322814941,617.4302368164,507.3205566406,1.0]],"IMG_4751.JPG":[[609.1617431641,337.8675842285,626.2377929688,324.8323364258,621.9898071289,500.9331054688,613.6987304688,507.6701049805,1.0]],"IMG_4755.JPG":[[609.8001098633,340.3647460938,643.9186401367,334.2095031738,638.2036743164,487.8135681152,613.0126342773,489.0855407715,1.0]],"IMG_5370.JPG":[[408.3495483398,442.3557739258,459.051361084,424.0875854492,459.5833129883,595.8834228516,402.0531616211,593.7349853516,1.0]],"IMG_5379.JPG":[[528.8254394531,451.1053466797,566.8360595703,446.9606018066,565.0222167969,602.7575073242,529.4145507812,591.1303710938,1.0]],"IMG_5381.JPG":[[578.8374023438,448.539276123,596.5314331055,438.7291564941,599.4692382812,597.9006958008,582.1042480469,589.0364379883,1.0]],"IMG_5382.JPG":[[630.0576171875,456.110534668,640.6753540039,451.0358276367,633.3534545898,610.3208007812,622.8735961914,609.2054443359,1.0]],"IMG_5384.JPG":[[591.8776855469,459.9051818848,617.4853515625,442.4579772949,608.3535766602,608.8225097656,583.4996337891,606.9161376953,1.0]],"IMG_5386.JPG":[[614.1614379883,460.4654846191,641.8261108398,443.2276916504,629.1145019531,621.9232177734,602.7436523438,619.6491699219,1.0]],"IMG_5388.JPG":[[606.1986694336,438.5012207031,625.5991821289,423.2324829102,625.5525512695,621.3354492188,602.3782348633,617.5341186523,1.0]],"IMG_6124.JPG":[[643.8705444336,365.2759094238,683.4035644531,356.8951416016,680.4301147461,518.8835449219,646.5830688477,518.7778930664,1.0]],"IMG_6126.JPG":[[628.9834594727,358.8435058594,691.0610961914,360.8844604492,685.7744750977,509.1879882812,628.3453369141,501.6157531738,1.0]],"IMG_6747.JPG":[[643.8846435547,465.7161560059,702.6397705078,489.3654174805,699.6038818359,660.2756958008,640.7321777344,663.424621582,1.0]],"IMG_6772 (1).JPG":[[752.6880493164,459.8431396484,792.5979614258,446.1823425293,795.2000732422,608.596496582,743.830078125,607.1801147461,1.0]],"IMG_6782 (1).JPG":[[581.9178466797,455.111907959,612.6452026367,447.7203979492,609.0387573242,626.2047119141,579.4652099609,617.5144042969,1.0]],"IMG_6832 (1).JPG":[[554.1803588867,460.7795410156,574.0101318359,450.3491821289,573.4721069336,625.2666625977,550.3151245117,623.5852050781,1.0]],"IMG_7566 (1).JPG":[[646.8832397461,464.3505859375,676.4417724609,452.9900817871,673.5770263672,665.596496582,635.82421875,663.2346801758,1.0]],"IMG_7570 (1).JPG":[[626.8631591797,467.3545837402,652.3941040039,458.9747009277,642.9805908203,653.9141235352,626.7012329102,650.8664550781,1.0]],"IMG_7572 (1).JPG":[[617.7036132812,483.2817687988,650.1712646484,470.2547302246,640.7294311523,653.6469116211,614.3377075195,658.4198608398,1.0]],"IMG_7603.JPG":[[598.3109741211,375.8283691406,673.3854980469,371.7811889648,673.5382080078,535.1110839844,602.8569335938,523.0394287109,1.0]],"IMG_7826.JPG":[[549.7802124023,442.5968322754,573.6242675781,430.3294067383,575.517578125,579.2872924805,538.6206665039,572.7047119141,1.0]],"IMG_8201 (1).JPG":[[697.2662963867,499.5147399902,716.7253417969,483.1075439453,719.4638671875,683.0661010742,689.5663452148,679.5595703125,1.0]],"IMG_8554.JPG":[[895.0292358398,379.8792419434,950.6080322266,375.7049865723,955.2836914062,535.1505126953,903.4119873047,533.7119140625,1.0]],"IMG_8555.JPG":[[1050.4345703125,385.5229797363,1097.6114501953,384.3409118652,1097.4162597656,544.3253173828,1058.17578125,547.6820678711,1.0]],"IMG_8617.JPG":[[799.7697753906,291.1730957031,876.7674560547,320.6917724609,883.0326538086,533.8533325195,798.8353271484,538.7855224609,1.0]],"IMG_8620.JPG":[[832.2324829102,333.6188354492,901.8321533203,345.6005859375,900.7197875977,532.0836181641,837.0565185547,530.198059082,1.0]],"IMG_8624.JPG":[[833.2194213867,347.3569641113,877.1400756836,354.7525634766,878.3320922852,503.2955932617,840.8272094727,514.1522216797,1.0]],"IMG_8630.JPG":[[849.2984619141,340.6986694336,887.1774902344,358.6579589844,890.8014526367,539.9674682617,846.4821777344,549.7380981445,1.0]],"IMG_8716 (1).JPG":[[689.89453125,511.7524108887,733.1362304688,486.7325744629,734.5992431641,678.0056762695,701.0428466797,680.8926391602,1.0]],"IMG_8754 (1).JPG":[[623.5875244141,383.6350708008,666.5093994141,359.1241149902,673.5763549805,578.98828125,626.6166381836,578.9550170898,1.0]],"IMG_8768.JPG":[[654.5245361328,427.6534118652,681.2508544922,415.0370178223,683.9645385742,585.0394897461,661.3203735352,582.3831176758,1.0]],"IMG_8778.JPG":[[606.8840332031,443.7983398438,628.8781738281,429.9765930176,623.760559082,582.7071533203,606.2794189453,585.2955932617,1.0]]}