{"IMG_0950.JPG":[[580.1835327148,417.7416992188,774.2925415039,415.4244384766,774.5308837891,598.4114990234,576.7197875977,595.2138671875,1.0]],"IMG_6516.JPG":[[416.6718444824,429.6243896484,582.9410400391,424.3346557617,587.313293457,596.10546875,416.1412353516,598.4389648438,1.0]],"IMG_9807.JPG":[[234.1307373047,286.4623413086,492.7075805664,286.8078918457,481.4273986816,565.8296508789,222.1734313965,561.5428466797,1.0]],"IMG_8695 (1).JPG":[[656.1834716797,427.7327270508,758.3838500977,368.7434387207,774.1564331055,673.3449707031,669.9177246094,677.0208129883,1.0]],"IMG_4182.JPG":[[622.5395507812,349.8656311035,767.6538085938,382.482635498,765.6362304688,621.8394775391,625.5213623047,641.2360839844,1.0]],"IMG_1773.JPG":[[809.4810791016,388.3764648438,828.7920532227,379.5184020996,837.0034790039,562.9489135742,807.1775512695,558.6226806641,1.0]],"IMG_7423 (1).JPG":[[623.1776123047,438.7518005371,715.9235229492,417.2987976074,720.1729125977,611.8359985352,624.9646606445,613.3031616211,1.0]],"IMG_7851 (1).JPG":[[473.4049987793,272.8192138672,868.6791992188,268.732635498,885.3648071289,677.2694091797,453.0567932129,678.4543457031,1.0]],"IMG_0996.JPG":[[493.2981872559,457.9747314453,595.0625,454.0743408203,593.7459716797,622.3873901367,493.5844421387,615.2777099609,1.0]],"IMG_7376 (1).JPG":[[529.8911132812,402.1508789062,643.1885375977,380.7301025391,645.2902832031,580.5227661133,532.8953857422,581.4921875,1.0]],"IMG_8210.JPG":[[694.2447509766,336.1825866699,777.9080200195,325.078338623,777.1981201172,472.5244140625,696.510559082,473.143371582,1.0]],"IMG_7889 (1).JPG":[[545.3172607422,402.2847290039,814.4293212891,390.5296936035,824.1151733398,675.2236328125,532.3972167969,682.1979370117,1.0]],"IMG_1830.JPG":[[565.4831542969,417.2024536133,634.9840698242,407.8000488281,640.1630249023,564.4143676758,565.0993041992,563.6934204102,1.0]],"IMG_8061 (1).JPG":[[597.3441772461,444.8518981934,709.5245361328,415.9030761719,714.0900268555,639.9344482422,605.1442260742,639.0382080078,1.0]],"IMG_5838.JPG":[[485.1098022461,373.1024169922,636.7337646484,364.0442199707,639.4910888672,537.5009155273,481.198638916,541.7729492188,1.0]],"IMG_0180.JPG":[[519.6419067383,222.6083221436,760.0994873047,198.92237854,765.2384643555,479.7342834473,520.7119750977,472.3178405762,1.0]],"IMG_2958.JPG":[[622.4483642578,406.5788269043,700.4140014648,335.0446472168,715.2905273438,679.5956420898,634.6876220703,688.1486816406,1.0]],"IMG_4797.JPG":[[539.2259521484,326.6448669434,674.4320678711,357.3500366211,674.3314819336,617.5874023438,535.8400268555,636.3834228516,1.0]],"IMG_5300.JPG":[[442.1215515137,363.4663696289,537.7409057617,344.390625,535.3438110352,550.3748168945,442.6658325195,546.984375,1.0]],"IMG_6669.JPG":[[600.1627807617,438.9182434082,683.671081543,422.3845825195,682.549621582,607.0655517578,599.5892333984,603.4635009766,1.0]],"IMG_6783 (1).JPG":[[581.6801147461,448.0538635254,618.1270141602,437.2558898926,613.3765258789,625.4127197266,585.1440429688,619.9692993164,1.0]],"IMG_7571.JPG":[[536.543762207,453.3856506348,694.8187866211,440.9039306641,694.0076293945,607.5512695312,531.9785766602,607.3131713867,1.0]],"IMG_1784.JPG":[[596.924987793,392.9938049316,638.1580810547,382.3219909668,642.3753662109,564.9845581055,597.1055908203,566.7260742188,1.0]],"IMG_6297.JPG":[[553.6973876953,414.7308044434,743.518371582,428.3855285645,740.6371459961,636.965637207,552.1353149414,649.0569458008,1.0]],"IMG_0958.JPG":[[497.6965637207,408.4019165039,696.594909668,408.1461486816,698.1136474609,620.91015625,495.336730957,617.5116577148,1.0]],"IMG_1425.JPG":[[650.5203857422,400.3000183105,731.6478271484,387.3396911621,732.2986450195,581.1984863281,656.000793457,577.4172973633,1.0]],"IMG_3807.JPG":[[585.9715576172,353.6848754883,692.8446655273,331.4165649414,692.1134643555,581.1923217773,588.3551635742,572.6057128906,1.0]],"IMG_2320.JPG":[[497.7137451172,426.2646484375,699.903137207,420.2612915039,704.4298706055,633.1709594727,498.2485351562,639.6525268555,1.0]],"IMG_9538.JPG":[[602.4170532227,484.6583557129,796.7280273438,487.9454040527,788.6390991211,671.3533325195,606.9331665039,667.8134765625,1.0]],"IMG_3355.JPG":[[428.4650878906,173.6594696045,863.5090942383,186.2120056152,846.5603637695,599.6047973633,434.6774597168,618.9761962891,1.0]],"IMG_8715.JPG":[[549.4889526367,365.5726013184,702.1030883789,370.5517272949,700.1369018555,537.345703125,547.5013427734,538.1164550781,1.0]],"IMG_7698 (1).JPG":[[590.7617797852,324.2609558105,823.5149536133,362.1090698242,825.7100219727,620.1109619141,586.3803710938,621.9857788086,1.0]],"IMG_7506.JPG":[[534.9365844727,300.5514831543,739.0350952148,321.9485168457,736.7344970703,556.8344116211,525.8676147461,561.7845458984,1.0]],"IMG_7053 (1).JPG":[[492.1390380859,405.4441223145,671.8888549805,414.1706542969,663.0962524414,588.3333129883,490.1733398438,586.9205322266,1.0]],"IMG_6720.JPG":[[527.2678833008,491.6253662109,607.8778076172,481.6879272461,604.6193237305,632.8272094727,525.0864257812,631.3011474609,1.0]],"IMG_1700.JPG":[[602.7687988281,366.9410400391,756.7769775391,315.9857788086,762.1740722656,647.2666625977,605.9331665039,638.5982666016,1.0]],"IMG_1746.JPG":[[629.4528198242,392.463684082,661.3533325195,373.2540588379,653.658996582,585.1151123047,629.8650512695,585.7499389648,1.0]],"IMG_0664.JPG":[[432.6596679688,313.7311096191,508.8658447266,297.0905456543,504.5115356445,552.5255126953,432.7766113281,537.8729858398,1.0]],"IMG_7962 (1).JPG":[[438.370513916,467.219909668,642.6288452148,456.4454345703,634.6856689453,668.4401245117,437.6862487793,662.6255493164,1.0]],"IMG_3530.JPG":[[426.6659240723,361.1116333008,532.7742919922,360.9061279297,538.0748291016,463.8865356445,426.0281066895,463.9811401367,1.0]],"IMG_8914.JPG":[[476.8232116699,162.5158843994,881.3893432617,247.6822814941,890.7582397461,716.4670410156,464.8659667969,762.2243041992,1.0]],"IMG_0111.JPG":[[525.7847900391,322.1184082031,843.7407836914,346.568572998,853.505859375,676.5082397461,518.0395507812,693.0504760742,1.0]],"IMG_3872.JPG":[[401.4720153809,339.7075500488,572.9563598633,343.2819824219,575.5506591797,522.2407836914,393.6489562988,524.4564208984,1.0]],"IMG_4888.JPG":[[490.6778869629,409.3591308594,701.1276855469,429.8216552734,693.4453735352,642.4851074219,494.57421875,650.5775756836,1.0]],"IMG_6793 (1).JPG":[[606.0726318359,406.4250183105,675.1498413086,373.8696899414,682.1384277344,636.0520629883,606.9427490234,630.2318725586,1.0]],"IMG_4239.JPG":[[610.2459106445,287.8233947754,738.0068969727,298.6059265137,740.0741577148,500.1300964355,610.6517333984,506.9803466797,1.0]],"IMG_6411.JPG":[[460.1262207031,404.9803771973,706.8471069336,410.6805725098,710.0594482422,648.2865600586,465.2069396973,649.0599365234,1.0]],"IMG_0467.JPG":[[548.91015625,338.0375671387,689.3352050781,346.1364440918,684.9800415039,499.5946655273,546.0352172852,501.4411315918,1.0]],"IMG_4668.JPG":[[553.1173095703,261.3825683594,763.0325317383,207.2359466553,760.494140625,640.1772460938,557.6153564453,590.5529785156,1.0]],"IMG_8634 (1).JPG":[[470.8385314941,277.1984558105,639.6574707031,188.2313079834,645.1547851562,593.9991455078,459.6058044434,596.3301391602,1.0]],"IMG_1927.JPG":[[502.438293457,321.2664794922,723.6372680664,285.7341003418,724.6331787109,595.4365234375,498.5362548828,582.7786254883,1.0]],"IMG_9694.JPG":[[426.8831176758,360.0894470215,657.0524902344,358.9067687988,658.8492431641,600.5744018555,419.7486877441,600.1161499023,1.0]],"IMG_9611.JPG":[[482.1883850098,288.8358154297,875.0123901367,260.9320373535,906.1154174805,689.4749755859,470.7774963379,689.2149047852,1.0]],"IMG_8241.JPG":[[673.1411743164,319.7584228516,738.9202880859,313.2016601562,735.1580810547,481.7797546387,679.8734741211,473.0394897461,1.0]],"IMG_0219.JPG":[[503.8675537109,315.728515625,738.6514892578,325.5736999512,729.836730957,538.7912597656,494.8626098633,538.1538085938,1.0]],"IMG_6291.JPG":[[593.4946289062,462.2124633789,752.2156982422,473.9056091309,755.5217895508,645.9313964844,594.3671875,651.1904296875,1.0]],