{"IMG_0950.JPG":[[582.375,418.1626586914,773.1732788086,415.5968322754,773.1770629883,598.8981323242,577.7401123047,594.3178100586,1.0]],"IMG_6516.JPG":[[416.763885498,429.788269043,581.6073608398,424.1231384277,586.6157226562,596.563659668,415.9696960449,598.0023803711,1.0]],"IMG_9807.JPG":[[232.6408691406,285.9224243164,493.1779785156,285.7244873047,482.9082336426,566.5151367188,221.0550689697,562.4488525391,1.0]],"IMG_8695 (1).JPG":[[658.1508178711,428.7899780273,758.1332397461,368.6435241699,773.0426025391,674.7087402344,671.030456543,678.1807250977,1.0]],"IMG_4182.JPG":[[624.0982666016,350.061920166,767.0219116211,382.2734375,764.8434448242,622.2548828125,626.0914306641,640.780090332,1.0]],"IMG_1773.JPG":[[809.9948730469,388.5879821777,828.2692871094,378.9260253906,836.0625610352,563.9530639648,806.5572509766,559.3896484375,1.0]],"IMG_7423 (1).JPG":[[623.2746582031,439.4552307129,714.9522094727,417.1039428711,720.0745239258,611.9055786133,624.938293457,613.2962646484,1.0]],"IMG_7851 (1).JPG":[[474.7831420898,272.4835510254,869.377746582,269.3519287109,884.6633911133,677.5166015625,453.1181640625,677.5283203125,1.0]],"IMG_0996.JPG":[[493.8319091797,458.2923583984,594.5064086914,454.5259094238,592.98828125,621.9508056641,494.6497192383,615.4377441406,1.0]],"IMG_7376 (1).JPG":[[530.752746582,402.2098083496,642.5856933594,380.6459655762,644.541015625,580.6083374023,533.1841430664,580.6698608398,1.0]],"IMG_8210.JPG":[[695.4614257812,335.5961303711,777.2303466797,325.6408996582,776.1516113281,473.4624938965,697.1019897461,473.5391845703,1.0]],"IMG_7889 (1).JPG":[[545.7634887695,402.131652832,814.1829833984,390.9554443359,824.9371948242,675.2281494141,532.4487915039,681.6303710938,1.0]],"IMG_1830.JPG":[[566.5087280273,417.9429016113,633.6029663086,407.0165710449,639.3180541992,563.9229125977,566.5977172852,562.9415283203,1.0]],"IMG_8061 (1).JPG":[[596.8850097656,444.7779541016,708.9861450195,416.0185241699,714.5345458984,640.1034545898,605.1438598633,639.0209350586,1.0]],"IMG_5838.JPG":[[486.5229187012,373.6064147949,635.4166870117,363.4816589355,638.3627319336,537.4278564453,482.3090209961,541.258972168,1.0]],"IMG_0180.JPG":[[520.7701416016,221.9476623535,758.9493408203,197.6086578369,762.8254394531,479.6887817383,520.1229858398,472.0763244629,1.0]],"IMG_2958.JPG":[[623.2962036133,406.0145263672,700.8696899414,334.9060974121,714.9596557617,679.8374023438,634.7938842773,687.9154663086,1.0]],"IMG_4797.JPG":[[538.4714355469,326.8187255859,674.721496582,357.5224914551,674.0985717773,617.2422485352,535.5935058594,636.2463989258,1.0]],"IMG_5300.JPG":[[441.3192138672,363.2401428223,537.6365966797,343.6678771973,534.875793457,549.8789672852,442.1746826172,546.9197387695,1.0]],"IMG_6669.JPG":[[600.1802368164,438.8714904785,683.6830444336,422.4479064941,682.4030761719,607.1756591797,599.0951538086,603.2319946289,1.0]],"IMG_6783 (1).JPG":[[583.3950195312,448.3838500977,617.3627319336,437.5980224609,613.6149291992,624.8578491211,586.1213378906,619.3766479492,1.0]],"IMG_7571.JPG":[[537.29296875,454.1104736328,692.8179931641,441.5866394043,693.0732421875,607.6256713867,532.5526123047,606.7368774414,1.0]],"IMG_1784.JPG":[[598.3704223633,393.5819702148,637.6173095703,381.841583252,642.4310302734,564.753112793,598.6439208984,566.8244018555,1.0]],"IMG_6297.JPG":[[553.1616821289,414.4942626953,742.7243652344,427.7510375977,741.6315307617,637.5921630859,552.2008056641,649.1951904297,1.0]],"IMG_0958.JPG":[[498.2393188477,409.4694824219,697.1857299805,408.5418701172,697.7444458008,620.6485595703,496.2903137207,616.8166503906,1.0]],"IMG_1425.JPG":[[651.0541992188,401.8724365234,732.3515625,387.96875,733.190612793,581.1015625,655.3982543945,577.9768676758,1.0]],"IMG_3807.JPG":[[588.7393188477,354.1215820312,691.4948730469,331.183807373,692.3103637695,581.1690673828,589.9872436523,571.9690551758,1.0]],"IMG_2320.JPG":[[498.5025939941,427.3568725586,700.1555175781,420.3005065918,704.4919433594,632.891418457,499.2399291992,639.6519165039,1.0]],"IMG_9538.JPG":[[603.336730957,484.633392334,796.0083007812,488.5974121094,786.4176025391,671.0335083008,606.5163574219,667.0515136719,1.0]],"IMG_3355.JPG":[[429.1478271484,172.5914459229,863.8818359375,184.387802124,846.2552490234,599.6139526367,436.1752929688,618.0640869141,1.0]],"IMG_8715.JPG":[[550.9365234375,365.2366333008,701.6303710938,370.8940124512,699.3604736328,537.2858276367,549.2963256836,537.6235351562,1.0]],"IMG_7698 (1).JPG":[[590.8006591797,324.3511047363,823.1494140625,362.0367431641,825.6371459961,620.2625732422,586.932434082,621.6062011719,1.0]],"IMG_7506.JPG":[[535.995300293,301.0124816895,739.5059204102,321.7710266113,736.2628173828,556.6553955078,526.1572875977,561.4925537109,1.0]],"IMG_7053 (1).JPG":[[492.7138366699,405.450958252,671.9584350586,414.6765136719,662.379699707,588.2807617188,489.8398742676,585.8767700195,1.0]],"IMG_6720.JPG":[[527.7011108398,492.3665466309,607.8887939453,481.9290466309,605.1988525391,632.4138183594,525.2971191406,631.7144775391,1.0]],"IMG_1700.JPG":[[603.1420898438,365.7266540527,757.4266357422,316.1595153809,761.7368164062,648.3092651367,604.811340332,638.5103759766,1.0]],"IMG_1746.JPG":[[630.8068237305,392.1894836426,661.3169555664,372.8836975098,655.1773071289,585.507019043,630.4368286133,585.9742431641,1.0]],"IMG_0664.JPG":[[432.2524108887,312.6252746582,508.2785949707,296.5981445312,504.0245361328,551.9486083984,431.5313110352,537.1577758789,1.0]],"IMG_7962 (1).JPG":[[438.7652587891,467.2438659668,641.5565795898,456.7204589844,633.7880249023,668.8444824219,438.8858947754,663.1214599609,1.0]],"IMG_3530.JPG":[[426.8344116211,360.7445983887,532.1915893555,361.7651367188,538.7171630859,464.4082641602,426.5890808105,464.3310546875,1.0]],"IMG_8914.JPG":[[480.8171386719,162.9420318604,881.272277832,247.114151001,888.9008789062,717.2199707031,466.5603942871,762.0643310547,1.0]],"IMG_0111.JPG":[[526.4150390625,321.5683288574,843.9592895508,346.3303222656,853.346862793,676.4506225586,518.2478027344,691.8751220703,1.0]],"IMG_3872.JPG":[[401.3740844727,339.7281799316,572.4336547852,342.9897766113,573.7664794922,522.4102783203,392.7944641113,523.7807617188,1.0]],"IMG_4888.JPG":[[492.5408325195,409.5237426758,700.2642211914,429.3472290039,694.0295410156,642.2493896484,495.9457092285,650.5942993164,1.0]],"IMG_6793 (1).JPG":[[605.6538696289,406.8334960938,676.189453125,374.4972229004,681.4727783203,635.9761352539,606.9817504883,629.8463134766,1.0]],"IMG_4239.JPG":[[611.3217773438,286.8948669434,736.258972168,298.0760192871,739.1049194336,499.6877746582,611.3108520508,506.6155395508,1.0]],"IMG_6411.JPG":[[460.9924621582,405.7493591309,707.4117431641,410.5258483887,709.7858276367,648.0882568359,465.5692443848,648.7802734375,1.0]],"IMG_0467.JPG":[[550.6162109375,338.268951416,688.7445678711,345.7470703125,683.5871582031,499.1178283691,547.3416137695,500.3155212402,1.0]],"IMG_4668.JPG":[[552.4900512695,261.3163452148,764.0946044922,206.8650360107,760.6012573242,640.1517333984,556.572265625,590.7478027344,1.0]],"IMG_8634 (1).JPG":[[471.1062316895,277.3276062012,638.854309082,188.4255065918,644.7571411133,594.0934448242,458.4421386719,595.3744506836,1.0]],"IMG_1927.JPG":[[504.7505187988,320.5708618164,721.5219726562,285.4368591309,722.0251464844,596.1712646484,500.5356445312,582.2506103516,1.0]],"IMG_9694.JPG":[[426.5710144043,360.3388061523,657.2549438477,358.526184082,658.9653930664,600.8695678711,419.1730041504,599.6444091797,1.0]],"IMG_9611.JPG":[[482.210357666,287.5586853027,875.5759887695,260.830291748,906.6569824219,689.7157592773,470.6346130371,689.9358520508,1.0]],"IMG_8241.JPG":[[674.3276977539,319.1463317871,736.4846801758,313.6253356934,731.1143188477,482.2481384277,680.5620117188,473.1442871094,1.0]],"IMG_0219.JPG":[[505.6300048828,315.9133605957,737.0781860352,325.8505554199,727.8557128906,539.0555419922,495.9389343262,537.0325317383,1.0]],"IMG_6291.JPG":[[594.5947875977,461.9723205566,750.8002319336,474.7977600098,754.2559814453,646.6604003906,596.1218261719,650.9658203125,1.0]],