{"IMG_7176 (1).JPG":[[566.9931640625,426.867980957,774.3306884766,427.5023498535,777.1310424805,633.9095458984,565.8565063477,632.2747802734,1.0]],"IMG_7514.JPG":[[509.8914489746,226.294631958,815.8389282227,263.3292541504,816.9859008789,578.9343261719,496.9723205566,585.1708374023,1.0]],"IMG_5868.JPG":[[548.7330322266,315.4810791016,781.8089599609,294.3201904297,787.5843505859,558.8587036133,556.286315918,553.1951293945,1.0]],"IMG_7623 (1).JPG":[[585.2297363281,464.7861938477,686.0758056641,499.3881835938,687.5079956055,711.9936523438,584.0230102539,709.5350341797,1.0]],"IMG_4391.JPG":[[588.3322143555,240.6600189209,926.5020751953,243.9025115967,920.7200927734,595.0638427734,587.5328979492,605.1143188477,1.0]],"IMG_9782.JPG":[[525.7243652344,303.9873046875,828.9959716797,300.9139709473,821.2417602539,617.9261474609,532.1203613281,594.8531494141,1.0]],"IMG_8476.JPG":[[776.0305175781,337.3023681641,945.9162597656,346.775604248,949.5134277344,555.1412353516,769.8579101562,560.7655639648,1.0]],"IMG_3143.JPG":[[501.202331543,341.3995361328,709.8920898438,341.8729248047,723.9203491211,560.4927368164,500.6105041504,551.0448608398,1.0]],"IMG_1339.JPG":[[578.7828369141,402.8051452637,740.8862304688,395.5807495117,738.4380493164,570.1547851562,581.231628418,567.4938964844,1.0]],"IMG_4332.JPG":[[521.09375,211.622253418,881.0798339844,232.7743682861,876.7941894531,596.5160522461,525.6636352539,613.3505859375,1.0]],"IMG_5129.JPG":[[570.9697875977,411.9694519043,752.8072509766,402.1061401367,751.6611938477,588.8278808594,575.7902832031,586.1862792969,1.0]],"IMG_6536.JPG":[[548.1710205078,318.2747192383,847.6821899414,293.1165466309,854.7860717773,628.9775390625,536.3737792969,632.8986206055,1.0]],"IMG_4881.JPG":[[448.4125061035,361.1137084961,715.6112060547,393.0568847656,718.8538208008,673.4529418945,446.6618347168,695.954284668,1.0]],"IMG_0431.JPG":[[539.2303466797,322.1572265625,741.3790283203,342.5778808594,732.5255126953,553.960144043,528.5238037109,562.2403564453,1.0]],"IMG_9914.JPG":[[436.2349853516,319.6109313965,677.3685913086,315.9465026855,682.365234375,561.7850952148,446.0276489258,563.5275268555,1.0]],"IMG_5627.JPG":[[475.109161377,304.7656555176,754.3271484375,328.1209716797,756.1904907227,608.0014648438,474.4917297363,612.4644165039,1.0]],"IMG_9044.JPG":[[623.5319213867,398.5783081055,797.8897094727,404.0529785156,792.7448730469,577.9036865234,627.0336303711,580.6026000977,1.0]],"IMG_7951 (1).JPG":[[473.8875427246,404.8402404785,748.630065918,389.3176574707,750.2735595703,683.2553100586,457.4413146973,680.5360717773,1.0]],"IMG_8539.JPG":[[602.3042602539,330.8023071289,767.6210327148,360.2069396973,770.1026611328,590.0900878906,609.0287475586,613.5322265625,1.0]],"IMG_1924.JPG":[[436.5228271484,352.919921875,629.396484375,315.3699035645,633.5227661133,595.6975708008,435.2893981934,584.0520629883,1.0]],"IMG_9294.JPG":[[536.2424926758,387.3485412598,708.8760986328,391.2372741699,706.6811523438,558.7896118164,534.8148803711,558.1522216797,1.0]],"IMG_9329.JPG":[[496.4261474609,262.830657959,883.0239257812,256.967956543,877.2729492188,648.1081542969,501.4170837402,644.2825317383,1.0]],"IMG_5446.JPG":[[573.5183105469,320.7001953125,645.233581543,348.9013671875,640.1451416016,577.3879394531,566.6115722656,586.2201538086,1.0]],"IMG_9096.JPG":[[415.7250671387,134.9005889893,857.2058105469,213.1919708252,855.1553955078,681.4805908203,386.7944335938,683.2510986328,1.0]],"IMG_2380.JPG":[[563.5388793945,472.2521972656,662.2124023438,454.9586181641,661.8925170898,608.3146972656,565.7105102539,613.2431030273,1.0]],"IMG_3399.JPG":[[453.1280822754,381.1868896484,660.1133422852,372.2022094727,664.4916992188,595.6034545898,458.5057067871,594.8450317383,1.0]],"IMG_2087.JPG":[[526.2895507812,252.3062744141,734.1084594727,304.2934570312,738.6640625,605.7835083008,521.1441650391,611.3018188477,1.0]],"IMG_3925.JPG":[[411.3522949219,315.533782959,658.1739501953,329.494720459,654.8416137695,569.6958618164,412.3512573242,577.0646362305,1.0]],"IMG_8273 (1).JPG":[[561.2208251953,396.3124694824,678.1157836914,428.5380249023,680.6809692383,631.9799804688,555.1168823242,634.4096069336,1.0]],"IMG_8047.JPG":[[355.4303894043,347.6962890625,628.5835571289,358.1058654785,635.7541503906,623.8696899414,350.630279541,610.9959716797,1.0]],"IMG_1421.JPG":[[527.8494873047,354.1079406738,656.6895141602,324.4304199219,647.5823364258,602.5311889648,528.5528564453,591.1642456055,1.0]],"IMG_4166.JPG":[[597.4823608398,240.232635498,768.407409668,296.8743286133,766.3139038086,637.7629394531,602.0686645508,691.5249023438,1.0]],"IMG_4777.JPG":[[633.3374633789,313.3085021973,727.5204467773,343.8424072266,734.3439941406,607.0317993164,625.4844970703,623.6500854492,1.0]],"IMG_4764.JPG":[[554.1055297852,277.012298584,652.1376342773,322.3647766113,657.9061279297,616.7557373047,552.1007080078,634.4417114258,1.0]],"IMG_3672.JPG":[[401.5035095215,361.0585632324,544.315246582,361.6075744629,541.3024902344,512.2063598633,402.4554748535,512.1118774414,1.0]],"IMG_5859.JPG":[[614.8463134766,338.2449951172,811.5321044922,327.4150390625,814.6170654297,545.7933959961,618.325378418,539.2146606445,1.0]],"IMG_8178.JPG":[[658.2400512695,327.3014221191,774.8228149414,316.1054382324,781.2767333984,484.0834960938,656.1922607422,478.5540466309,1.0]],"IMG_8784.JPG":[[841.3134155273,362.7311401367,962.4450683594,374.4615478516,957.6765136719,557.5955810547,826.819152832,561.5570678711,1.0]],"IMG_3070.JPG":[[440.6225585938,379.2219848633,572.6901245117,418.3922119141,583.5775146484,643.5093994141,438.5161132812,642.0731201172,1.0]],"IMG_8190.JPG":[[467.7663574219,224.3006744385,759.6770629883,185.8081054688,754.3901367188,585.5211181641,479.4449157715,560.3883056641,1.0]],"IMG_7996.JPG":[[379.6735839844,278.4605407715,724.8451538086,252.2214050293,721.8064575195,655.1260375977,381.3659362793,636.1943359375,1.0]],"IMG_6728.JPG":[[656.1438598633,282.8619384766,758.6309814453,347.3695068359,752.0678100586,633.686706543,648.6530761719,636.8548583984,1.0]],"IMG_7361 (1).JPG":[[506.9730224609,425.6838989258,635.2208251953,407.0078125,635.1759643555,597.7124023438,507.8815612793,600.5100708008,1.0]],"IMG_8009 (1).JPG":[[550.2357788086,339.7137756348,796.4983520508,259.4507141113,796.8865966797,649.5456542969,555.5025024414,642.7962036133,1.0]],"IMG_8509 (1).JPG":[[538.94140625,419.6676940918,707.0874633789,406.2660827637,711.8063964844,589.9524536133,541.1612548828,596.401184082,1.0]],"IMG_7937 (1).JPG":[[592.4915161133,499.0373840332,765.3188476562,487.328338623,762.8453979492,668.8537597656,588.0085449219,669.2445068359,1.0]],"IMG_3010.JPG":[[508.2242431641,394.3184204102,590.2435302734,443.1969299316,589.8068847656,677.7262573242,505.9356689453,671.2618408203,1.0]],"IMG_8821.JPG":[[607.3251342773,271.900177002,768.3824462891,281.9470214844,772.0863037109,452.5869445801,605.7219238281,453.3932189941,1.0]],"IMG_2794.JPG":[[466.475982666,378.3353271484,656.770690918,362.0422058105,666.4832763672,588.5551147461,469.5276794434,592.5722045898,1.0]],"IMG_2843.JPG":[[559.0333251953,409.8826904297,706.2280883789,374.9344482422,713.164855957,616.0964355469,565.1698608398,617.904296875,1.0]],"IMG_2184.JPG":[[622.6018066406,462.978515625,739.6283569336,486.5599365234,737.4063720703,674.66796875,624.0623168945,684.585144043,1.0]],"IMG_4373.JPG":[[617.0522460938,275.7717590332,877.9273681641,277.3970336914,879.0964355469,549.3713378906,619.4820556641,556.3236694336,1.0]],"IMG_7836 (1).JPG":[[513.2526855469,437.0021972656,748.2943725586,441.3662719727,740.1302490234,669.5698242188,510.3625793457,661.8264160156,1.0]],"IMG_5205.JPG":[[508.1495056152,348.2231140137,750.9163208008,308.0069580078,765.1295776367,670.1716918945,501.9688720703,649.0549926758,1.0]],"IMG_1501.JPG":[[552.0328369141,393.3536987305,675.0204467773,422.1607055664,672.6572875977,629.3663330078,551.5395507812,638.9265136719,1.0]],"IMG_3012.JPG":[[431.1582946777,400.1084899902,513.8940429688,435.7388305664,513.6509399414,661.3322753906,430.4583435059,660.9544067383,1.0]],