{"IMG_7176 (1).JPG":[[22.0777168274,471.2620239258,1337.568359375,301.3110656738,959.346862793,529.7294921875,527.5891113281,783.6678466797,1.0]],"IMG_7514.JPG":[[802.8340454102,80.0373382568,1082.5596923828,264.5065917969,1077.6882324219,628.5505371094,665.0862426758,716.1317749023,1.0]],"IMG_5868.JPG":[[978.4764404297,428.5841369629,1023.0325317383,12.9750509262,529.2953491211,627.0807495117,674.0750732422,408.0140991211,1.0]],"IMG_7623 (1).JPG":[[708.0406494141,689.5399780273,680.6513061523,637.9532470703,564.697265625,750.069519043,-187.7693481445,462.6041564941,1.0]],"IMG_4391.JPG":[[261.5347595215,307.8778991699,768.5357666016,374.8962097168,1105.7325439453,587.2197875977,242.1415405273,418.6726989746,1.0]],"IMG_9782.JPG":[[513.1611328125,477.4584350586,587.3955078125,142.5471191406,880.5509643555,674.4791259766,781.6981811523,527.5344848633,1.0]],"IMG_8476.JPG":[[869.9955444336,432.9282531738,1582.0318603516,509.2359924316,351.370300293,328.9459228516,828.3036499023,635.3287353516,1.0]],"IMG_3143.JPG":[[364.1463623047,468.9447631836,906.9919433594,203.5723724365,471.0578308105,391.9420776367,842.5728759766,634.0551757812,1.0]],"IMG_1339.JPG":[[497.5956115723,563.5704345703,1231.7641601562,229.9255371094,763.5793457031,635.8220825195,791.2362670898,542.8807983398,1.0]],"IMG_4332.JPG":[[798.309753418,116.5419158936,362.868560791,139.3564300537,1253.4694824219,631.5852661133,439.0309753418,440.317779541,1.0]],"IMG_5129.JPG":[[413.925201416,-69.4976730347,657.4604492188,366.1680908203,953.8500366211,649.8299560547,886.926574707,577.037109375,1.0]],"IMG_6536.JPG":[[983.2833862305,389.3793334961,928.321105957,396.3760375977,1476.7841796875,592.1724853516,583.3764038086,649.0782470703,1.0]],"IMG_4881.JPG":[[405.3671264648,600.8946533203,957.5903320312,255.5908966064,1202.5358886719,826.8326416016,989.2225952148,898.5467529297,1.0]],"IMG_0431.JPG":[[1117.7449951172,249.4005279541,748.7940063477,32.3690452576,426.8341064453,347.9993896484,922.9579467773,659.8541259766,1.0]],"IMG_9914.JPG":[[11.1778078079,555.7498779297,1053.8742675781,120.2432327271,1000.3143310547,352.3950195312,112.9948043823,314.3729858398,1.0]],"IMG_5627.JPG":[[627.5454711914,689.5244140625,1052.3526611328,598.2581787109,777.3898925781,449.6614379883,423.1371765137,1008.0091552734,1.0]],"IMG_9044.JPG":[[565.5166015625,553.6135864258,968.0734863281,11.699924469,775.7295532227,683.2731323242,807.8862915039,684.9754638672,1.0]],"IMG_7951 (1).JPG":[[364.4281616211,208.4183044434,261.4462280273,600.3798828125,1100.4855957031,519.9149169922,450.3081665039,104.2049026489,1.0]],"IMG_8539.JPG":[[70.8281478882,570.2958984375,439.0335388184,155.8755187988,428.0130615234,547.4586181641,160.1953430176,551.5446166992,1.0]],"IMG_1924.JPG":[[533.4474487305,475.3076782227,619.9389038086,160.5879669189,240.8456420898,301.541015625,253.7853088379,576.2436523438,1.0]],"IMG_9294.JPG":[[220.9996032715,360.5761413574,666.3357543945,590.5954589844,894.3715209961,408.8636169434,820.0435791016,573.4931640625,1.0]],"IMG_9329.JPG":[[352.5219116211,-141.0682067871,450.1026306152,750.69921875,634.2047119141,395.4870300293,607.4327392578,733.44140625,1.0]],"IMG_5446.JPG":[[137.3977966309,420.8057861328,934.7493286133,239.4978485107,859.3849487305,406.1839294434,162.0474243164,965.6473388672,1.0]],"IMG_9096.JPG":[[-399.2260437012,18.0624504089,608.2553710938,316.0475158691,1118.6512451172,649.2915039062,788.318359375,659.8223876953,1.0]],"IMG_2380.JPG":[[1107.2762451172,416.7959594727,520.1598510742,289.6407775879,479.5077209473,774.4522094727,637.7811279297,586.5817871094,1.0]],"IMG_3399.JPG":[[471.1096801758,496.4491271973,883.2525024414,112.5133209229,670.008605957,363.9707336426,420.7392883301,450.5617675781,1.0]],"IMG_2087.JPG":[[586.024230957,230.1249847412,873.8034667969,64.7132644653,892.4197998047,606.7614746094,319.8038024902,594.8638305664,1.0]],"IMG_3925.JPG":[[518.8123779297,348.6573486328,706.0440673828,664.8718261719,458.8133239746,627.0053100586,431.6962280273,207.1444396973,1.0]],"IMG_8273 (1).JPG":[[37.8090782166,373.5107116699,697.028137207,854.6113891602,996.4491577148,687.521484375,533.1306762695,332.4195861816,1.0]],"IMG_8047.JPG":[[339.9574279785,351.883972168,-346.9080810547,564.2876586914,628.1934204102,509.6387634277,333.5722045898,387.7545166016,1.0]],"IMG_1421.JPG":[[553.6663818359,326.203704834,752.5751342773,389.7467041016,728.4182739258,915.6978149414,460.0139770508,658.8359985352,1.0]],"IMG_4166.JPG":[[316.4651184082,249.6786804199,170.1322784424,393.2010803223,510.7568664551,761.3154296875,544.2736816406,614.0935058594,1.0]],"IMG_4777.JPG":[[587.1999511719,429.7876281738,791.26171875,169.1611328125,613.1228637695,303.0108642578,1028.3175048828,142.3665618896,1.0]],"IMG_4764.JPG":[[551.8081054688,349.6288452148,1008.9439697266,455.474822998,1094.0269775391,555.5495605469,899.3138427734,318.8565368652,1.0]],"IMG_3672.JPG":[[966.4979858398,451.6233520508,785.7384643555,52.0995559692,919.9865722656,482.9080810547,16.8214035034,514.8640136719,1.0]],"IMG_5859.JPG":[[1135.4682617188,339.8750305176,589.2456054688,266.0569458008,820.408203125,694.0103149414,1128.1491699219,518.671081543,1.0]],"IMG_8178.JPG":[[618.4812011719,382.0772094727,472.5542907715,167.9536743164,501.0621643066,524.0009155273,595.0985717773,605.5800170898,1.0]],"IMG_8784.JPG":[[390.6645507812,285.3414916992,584.4840087891,294.7952575684,651.6795654297,709.4033203125,918.5084838867,329.7769470215,1.0]],"IMG_3070.JPG":[[-26.3930397034,582.5709838867,686.2127685547,699.2664794922,422.5691223145,645.1718139648,632.405090332,415.3682861328,1.0]],"IMG_8190.JPG":[[361.0980834961,110.212677002,607.7042236328,358.6696166992,1012.6834716797,678.2973632812,385.3758544922,815.7803955078,1.0]],"IMG_7996.JPG":[[411.1648254395,308.120513916,848.4251098633,780.6270751953,459.9513244629,846.0407104492,242.3588104248,556.3515625,1.0]],"IMG_6728.JPG":[[282.649230957,153.5893249512,1126.2435302734,463.6512451172,462.6104125977,492.3026733398,809.8894042969,87.2880859375,1.0]],"IMG_7361 (1).JPG":[[253.2997283936,447.7240600586,846.1016235352,271.2002563477,901.885559082,400.3283691406,543.4337768555,581.134765625,1.0]],"IMG_8009 (1).JPG":[[726.5145874023,446.4507751465,226.9452056885,-50.8029251099,688.6405029297,930.2180786133,489.4490356445,410.0635070801,1.0]],"IMG_8509 (1).JPG":[[209.2100830078,484.3265991211,486.6445617676,338.9984741211,1083.3309326172,716.8667602539,189.2947540283,957.8656616211,1.0]],"IMG_7937 (1).JPG":[[458.2597351074,591.1931152344,1095.4542236328,671.3311767578,300.819519043,836.1989135742,581.2545166016,965.5357055664,1.0]],"IMG_3010.JPG":[[209.7146148682,165.7397155762,466.3608703613,675.7578735352,230.6637878418,720.9968261719,128.6724853516,285.7260742188,1.0]],"IMG_8821.JPG":[[12.1911420822,529.0606079102,942.6036376953,222.7042694092,856.0482177734,720.2689819336,1061.3546142578,525.7871704102,1.0]],"IMG_2794.JPG":[[575.7380371094,343.7496032715,859.2238769531,373.9912109375,1054.1990966797,680.9332885742,450.5131835938,730.0505981445,1.0]],"IMG_2843.JPG":[[377.3117980957,819.3321533203,1054.1685791016,577.8397827148,397.5938110352,574.2528076172,580.9810180664,779.73828125,1.0]],"IMG_2184.JPG":[[665.2932739258,526.3506469727,636.1031494141,739.8166503906,800.81640625,452.0311279297,1154.3880615234,551.8689575195,1.0]],"IMG_4373.JPG":[[488.0264892578,325.9202880859,847.0518188477,173.2783813477,1213.2739257812,637.5421142578,917.3107910156,449.712677002,1.0]],"IMG_7836 (1).JPG":[[0.6660289764,697.1122436523,660.8314208984,434.121887207,1100.1319580078,617.6381835938,177.2484893799,798.2473754883,1.0]],"IMG_5205.JPG":[[865.7896118164,258.9946289062,531.3396606445,467.8380126953,1191.8912353516,721.6950073242,261.8516235352,703.604675293,1.0]],"IMG_1501.JPG":[[209.5476074219,941.5842285156,1066.0748291016,56.5419082642,466.0812683105,371.7719421387,611.9332275391,812.5303344727,1.0]],