{"IMG_0716.JPG":[[681.0797729492,355.7366943359,684.583984375,349.2117004395,678.8249511719,515.1951293945,674.0168457031,502.8510437012,1.0]],"IMG_1175.JPG":[[602.6414794922,398.0764160156,597.9489746094,389.4503479004,596.8588256836,561.0256347656,595.6165161133,543.9214477539,1.0]],"IMG_1176.JPG":[[623.7282714844,388.2824707031,643.9238891602,377.2732849121,646.2427978516,545.1197509766,629.3895874023,529.3809814453,1.0]],"IMG_1202.JPG":[[527.3754272461,391.2660217285,549.760925293,382.1699829102,539.9257202148,567.828918457,535.5599365234,552.4454956055,1.0]],"IMG_1204.JPG":[[477.234954834,392.0151062012,496.7042541504,387.6136474609,498.5503845215,554.426940918,482.5162353516,539.6208496094,1.0]],"IMG_1465.JPG":[[714.272277832,406.712310791,714.9467773438,395.7665405273,708.6680908203,560.4797973633,715.0569458008,549.1169433594,1.0]],"IMG_1750.JPG":[[663.8580932617,420.5397338867,675.5675048828,405.2775878906,673.9450683594,584.505859375,658.038269043,571.6903076172,1.0]],"IMG_1752.JPG":[[583.1967163086,410.8952331543,593.2744140625,405.4440612793,592.6649780273,576.0661010742,586.2587280273,563.287902832,1.0]],"IMG_1777.JPG":[[720.7506713867,416.8590087891,769.5038452148,415.878692627,773.4307250977,553.0063476562,720.5919799805,555.9615478516,1.0]],"IMG_1818.JPG":[[574.1762084961,449.4098205566,629.4447631836,442.1465759277,624.2139282227,536.7375488281,581.1063842773,548.1395263672,1.0]],"IMG_2464.JPG":[[606.7827758789,462.5529785156,629.8723754883,449.4364929199,627.3026123047,596.8812866211,604.0780029297,585.9914550781,1.0]],"IMG_2925.JPG":[[574.3042602539,419.8698730469,592.2110595703,402.9326477051,587.1932983398,558.7560424805,571.1435546875,553.7875976562,1.0]],"IMG_2978.JPG":[[658.3648681641,499.0023193359,677.6928100586,476.3970336914,675.9199829102,687.916809082,656.4223632812,687.9010620117,1.0]],"IMG_2979.JPG":[[668.6723632812,483.5594482422,678.4061889648,464.6823425293,678.4634399414,688.9800415039,658.8536987305,680.3533935547,1.0]],"IMG_4743.JPG":[[617.5802612305,297.299041748,650.9102783203,286.2156677246,653.1432495117,543.4111328125,623.0308227539,531.9649658203,1.0]],"IMG_4746.JPG":[[575.7577514648,323.8056030273,602.8145141602,307.5294189453,597.1301879883,541.2445678711,583.3693847656,528.3489990234,1.0]],"IMG_4749.JPG":[[619.0252075195,323.8846130371,635.3249511719,310.5532531738,630.4837646484,510.011138916,617.2705688477,506.4810180664,1.0]],"IMG_4751.JPG":[[613.2478027344,333.3385925293,626.2117919922,317.6161499023,620.7367553711,510.0134887695,615.4540405273,507.1630554199,1.0]],"IMG_4755.JPG":[[614.8165893555,335.8395080566,644.7787475586,326.5729675293,636.5200195312,495.1408081055,615.940612793,488.6656494141,1.0]],"IMG_5370.JPG":[[413.8374328613,438.5028991699,456.8534545898,416.6800537109,454.6188354492,603.2103881836,406.446685791,593.5263061523,1.0]],"IMG_5379.JPG":[[533.1738891602,446.2807006836,567.7714233398,439.7825012207,555.3166503906,611.2265014648,530.5227661133,587.2953491211,1.0]],"IMG_5381.JPG":[[584.6658935547,443.6018676758,597.4390258789,431.6979675293,597.3702392578,605.1499633789,584.9860229492,589.0368652344,1.0]],"IMG_5382.JPG":[[635.8338012695,451.5308837891,640.8342285156,443.4803771973,631.3565673828,616.9290771484,625.5991821289,608.9506225586,1.0]],"IMG_5384.JPG":[[597.9246826172,455.247467041,617.6013793945,434.395904541,606.084777832,616.4729003906,586.8447265625,606.0826416016,1.0]],"IMG_5386.JPG":[[618.0932006836,456.5810241699,641.2727661133,437.4717712402,625.9198608398,629.7894897461,604.0658569336,619.0433349609,1.0]],"IMG_5388.JPG":[[610.3057250977,433.5767822266,625.1260375977,416.3168029785,623.9359130859,629.3227539062,604.3773803711,617.4175415039,1.0]],"IMG_6124.JPG":[[648.5622558594,360.3196105957,684.8377075195,349.8531494141,679.6978759766,527.0397949219,648.111328125,517.356628418,1.0]],"IMG_6126.JPG":[[633.3963623047,353.061340332,691.1922607422,353.1264343262,683.5284423828,518.1593017578,629.5111083984,501.318145752,1.0]],"IMG_6747.JPG":[[649.791015625,459.6794128418,697.8973999023,481.6981811523,696.9465332031,669.8955688477,643.8823242188,664.5715942383,1.0]],"IMG_6772 (1).JPG":[[757.1146850586,455.5191040039,792.2237548828,439.1485900879,792.0793457031,615.8076782227,745.9535522461,607.2075195312,1.0]],"IMG_6782 (1).JPG":[[586.0762329102,449.7359924316,613.0371704102,441.5237121582,606.8251953125,634.6747436523,581.1006469727,617.6236572266,1.0]],"IMG_6832 (1).JPG":[[558.0631713867,457.2790222168,573.6596679688,443.4165344238,570.7693481445,633.3953857422,551.2401123047,623.5762939453,1.0]],"IMG_7566 (1).JPG":[[650.4224853516,459.9084777832,676.1323242188,446.2491455078,672.2078857422,673.5355224609,636.8828125,663.8797607422,1.0]],"IMG_7570 (1).JPG":[[631.5505981445,463.0114135742,652.1015625,451.7302856445,640.5765380859,661.6221313477,628.9777832031,650.4517211914,1.0]],"IMG_7572 (1).JPG":[[621.5629882812,478.4075927734,649.5571289062,463.5591430664,638.2247314453,661.8188476562,616.5531005859,657.8411254883,1.0]],"IMG_7603.JPG":[[598.5464477539,371.9848632812,675.3373413086,364.4269714355,676.1525878906,542.6619262695,602.0264892578,522.5800170898,1.0]],"IMG_7826.JPG":[[555.1840209961,437.3114318848,571.9091186523,423.9977722168,571.883972168,586.3229370117,542.3771362305,572.0756225586,1.0]],"IMG_8201 (1).JPG":[[702.9431152344,495.3969116211,716.5765991211,475.2268371582,718.2869873047,692.0276489258,693.3825683594,681.2471923828,1.0]],"IMG_8554.JPG":[[897.6837158203,376.0550537109,951.8596191406,373.2268981934,945.2810058594,539.987487793,900.8156738281,536.5625610352,1.0]],"IMG_8555.JPG":[[1050.7955322266,384.813079834,1102.1125488281,386.6931762695,1107.5655517578,540.23828125,1060.4775390625,548.1444702148,1.0]],"IMG_8617.JPG":[[799.8200683594,289.1027832031,879.0302734375,313.5860290527,881.4936523438,536.5023803711,803.0659179688,536.690246582,1.0]],"IMG_8620.JPG":[[837.461730957,328.8707275391,901.2297363281,338.5075378418,898.017578125,538.8770141602,842.9971923828,528.7278442383,1.0]],"IMG_8624.JPG":[[833.5163574219,348.1653137207,876.650390625,351.1783752441,879.182800293,501.8065185547,846.4067382812,508.865234375,1.0]],"IMG_8630.JPG":[[854.2982788086,335.2807922363,884.3640136719,351.5327758789,886.3859863281,547.1257324219,852.5554199219,548.8561401367,1.0]],"IMG_8716 (1).JPG":[[693.341796875,506.1337585449,732.2084960938,480.5292358398,730.34375,686.1432495117,702.0972900391,681.9519042969,1.0]],"IMG_8754 (1).JPG":[[626.6064453125,378.4518432617,664.5802001953,350.9283447266,671.0374145508,586.5032958984,626.6131591797,578.3958740234,1.0]],"IMG_8768.JPG":[[658.1246948242,422.9264526367,680.4906005859,408.1774291992,681.6824951172,593.2572021484,662.3579101562,581.7010498047,1.0]],"IMG_8778.JPG":[[611.0512695312,438.288482666,629.5083618164,423.2857666016,622.5541381836,589.9017944336,609.2227172852,584.2614746094,1.0]]}