{"IMG_7176 (1).JPG":[[108.8328552246,421.5988769531,1168.6899414062,249.4128875732,1002.1551513672,582.3715820312,527.6959838867,811.8786621094,1.0]],"IMG_7514.JPG":[[731.530456543,149.2619476318,990.0573730469,183.4474945068,1061.6400146484,599.9201660156,681.053894043,630.9265136719,1.0]],"IMG_5868.JPG":[[966.5982055664,390.8694152832,899.1015014648,67.6040039062,525.9398193359,631.3949584961,770.8395996094,385.3706665039,1.0]],"IMG_7623 (1).JPG":[[599.3956298828,580.2565917969,447.8181152344,539.10546875,671.160949707,622.2678833008,56.2660827637,547.2032470703,1.0]],"IMG_4391.JPG":[[253.9652557373,287.0747680664,641.6972045898,301.1398925781,1105.423828125,595.0940551758,587.533203125,449.4816894531,1.0]],"IMG_9782.JPG":[[472.5745239258,530.5057983398,679.6153564453,164.3294067383,853.719543457,647.8494262695,972.9754638672,333.4036254883,1.0]],"IMG_8476.JPG":[[885.6300048828,505.2361450195,1485.5190429688,504.8771972656,464.6717834473,215.0365905762,825.991027832,600.0096435547,1.0]],"IMG_3143.JPG":[[404.7607727051,474.3342285156,893.4600219727,136.2502746582,624.7927246094,471.0953674316,773.5425415039,587.9691162109,1.0]],"IMG_1339.JPG":[[313.9166259766,600.8210449219,1346.6025390625,346.1889953613,850.5957641602,596.4513549805,775.6873779297,558.7339477539,1.0]],"IMG_4332.JPG":[[783.830871582,155.1681365967,411.5338439941,57.7987556458,1273.7257080078,611.7985839844,588.4426269531,486.1694335938,1.0]],"IMG_5129.JPG":[[355.8677062988,90.1483306885,614.209777832,450.8760375977,839.7810668945,649.7608642578,858.6840820312,518.8065185547,1.0]],"IMG_6536.JPG":[[807.1017456055,324.1909179688,1019.6520385742,341.1417541504,1308.0462646484,603.5453491211,725.3680419922,765.5955810547,1.0]],"IMG_4881.JPG":[[399.2030944824,584.003112793,908.9984741211,278.4938049316,1193.0931396484,773.9463500977,719.5506591797,856.1314086914,1.0]],"IMG_0431.JPG":[[1049.0968017578,134.2119750977,706.2055664062,51.5522537231,377.995300293,439.0775756836,992.1345825195,604.7015991211,1.0]],"IMG_9914.JPG":[[94.6750717163,475.0860595703,962.5736083984,36.4086303711,803.07421875,393.6123352051,299.7749633789,345.0832824707,1.0]],"IMG_5627.JPG":[[538.9581298828,640.557434082,1051.1348876953,575.4110717773,883.5481567383,474.0835876465,398.8172912598,967.6591186523,1.0]],"IMG_9044.JPG":[[585.1607055664,522.7515258789,942.1924438477,110.1352539062,782.2047119141,707.5469970703,828.3309936523,725.5076904297,1.0]],"IMG_7951 (1).JPG":[[374.0063476562,303.6120605469,318.1303710938,557.5482177734,1062.9533691406,477.8751831055,479.3781738281,258.8425292969,1.0]],"IMG_8539.JPG":[[21.9837837219,552.7615356445,474.7603149414,55.5971450806,422.5101013184,555.7388305664,179.5920257568,537.4672851562,1.0]],"IMG_1924.JPG":[[370.8153686523,459.7414855957,574.3625488281,117.3243026733,233.719619751,481.4677124023,92.736618042,552.2885131836,1.0]],"IMG_9294.JPG":[[234.6657867432,333.1013793945,819.1423339844,644.8506469727,858.7590332031,462.9890136719,904.362121582,534.7825927734,1.0]],"IMG_9329.JPG":[[331.7803955078,-113.6509246826,650.0100097656,606.0347900391,633.5803222656,363.0660400391,620.3814086914,681.1264648438,1.0]],"IMG_5446.JPG":[[175.1237487793,404.4131774902,888.3635864258,173.7173309326,765.5919799805,475.5123901367,-5.3019676208,943.7489013672,1.0]],"IMG_9096.JPG":[[-354.4758911133,90.4013671875,643.8715209961,288.3999328613,1060.0981445312,566.0399169922,903.912109375,611.6137695312,1.0]],"IMG_2380.JPG":[[1186.1101074219,288.8269042969,605.6683959961,215.6000366211,572.6530761719,921.3649902344,578.5499267578,509.2168273926,1.0]],"IMG_3399.JPG":[[430.7622680664,505.8079223633,987.0345458984,108.5039672852,689.0052490234,399.9618530273,451.446685791,487.0346679688,1.0]],"IMG_2087.JPG":[[637.5352172852,224.8179168701,860.8677368164,188.981918335,853.1069335938,630.6172485352,429.0891418457,606.6260986328,1.0]],"IMG_3925.JPG":[[756.3508911133,265.1893310547,677.7705078125,626.0126953125,608.6875610352,615.8340454102,394.9543457031,430.2438659668,1.0]],"IMG_8273 (1).JPG":[[-24.8961353302,452.0021362305,809.4133911133,856.6660766602,1024.0897216797,675.2251586914,549.5298461914,331.7451171875,1.0]],"IMG_8047.JPG":[[395.4440917969,277.5710449219,71.0953903198,464.0843811035,540.3842773438,536.6268310547,212.283416748,486.8402404785,1.0]],"IMG_1421.JPG":[[481.1520690918,309.8526611328,911.8536376953,401.4068603516,559.5471191406,827.7996826172,396.6196289062,710.4541625977,1.0]],"IMG_4166.JPG":[[286.9569396973,289.7538757324,333.4685974121,330.8778076172,401.9024353027,758.4956054688,514.7006835938,526.7416381836,1.0]],"IMG_4777.JPG":[[680.9533691406,420.4964294434,933.9733886719,100.8877105713,395.2883911133,369.3031921387,883.6453857422,103.5622253418,1.0]],"IMG_4764.JPG":[[754.5770874023,304.2841491699,824.96484375,364.704284668,806.401184082,633.3278808594,877.6112670898,230.4595489502,1.0]],"IMG_3672.JPG":[[849.3201293945,531.4349975586,570.0775146484,67.4828262329,851.0754394531,373.4591674805,-104.8099594116,537.6258544922,1.0]],"IMG_5859.JPG":[[1016.6745605469,331.3695068359,671.032409668,220.1613769531,957.7923583984,737.3143310547,1033.1496582031,522.9661254883,1.0]],"IMG_8178.JPG":[[486.7062988281,421.9878234863,414.0385131836,182.8285522461,506.8594360352,489.7800292969,781.8692016602,643.2680053711,1.0]],"IMG_8784.JPG":[[401.7289733887,224.3482818604,514.1736450195,305.8077087402,732.6254882812,742.8827514648,973.4995117188,387.9345703125,1.0]],"IMG_3070.JPG":[[-79.2829437256,431.8217468262,451.671081543,679.8794555664,397.0469970703,592.7395019531,686.1976928711,359.7488708496,1.0]],"IMG_8190.JPG":[[471.2367553711,80.0501861572,574.7037353516,303.3951721191,749.1613769531,732.7841186523,583.3189697266,812.0195922852,1.0]],"IMG_7996.JPG":[[591.9677124023,359.904083252,1051.4749755859,647.3333129883,352.1457519531,892.5552368164,205.039276123,651.951965332,1.0]],"IMG_6728.JPG":[[517.0068969727,297.5537109375,1152.9588623047,412.885345459,559.8767089844,397.1860656738,611.7635498047,212.6035461426,1.0]],"IMG_7361 (1).JPG":[[166.2335510254,359.3692016602,927.9328613281,212.4470214844,844.1005859375,355.120300293,503.6691589355,628.6320800781,1.0]],"IMG_8009 (1).JPG":[[818.8470458984,497.6463623047,159.8748474121,-74.5344238281,752.5615844727,1005.9691772461,623.2990722656,329.2737121582,1.0]],"IMG_8509 (1).JPG":[[425.7536621094,482.7375793457,539.4454345703,393.4058227539,1084.9825439453,723.724609375,192.5343170166,932.5157470703,1.0]],"IMG_7937 (1).JPG":[[498.9197387695,601.5738525391,963.0466918945,694.7231445312,368.999786377,928.1332397461,743.2586669922,901.9323730469,1.0]],"IMG_3010.JPG":[[262.208984375,171.7676849365,630.4530639648,720.0560302734,427.4917297363,741.5323486328,217.440612793,337.7750854492,1.0]],"IMG_8821.JPG":[[173.1505432129,409.0444030762,794.8479003906,296.8677062988,941.8392944336,585.603515625,987.1574707031,566.5291748047,1.0]],"IMG_2794.JPG":[[597.4335327148,483.5039367676,834.621887207,370.4517822266,1083.5697021484,668.1180419922,586.8385009766,679.65234375,1.0]],"IMG_2843.JPG":[[314.7459411621,659.399597168,1091.8109130859,551.1434326172,373.8894042969,634.4707641602,635.3749389648,846.6586303711,1.0]],"IMG_2184.JPG":[[644.8034667969,594.4949951172,745.8812866211,687.1337280273,887.8424072266,415.6566772461,976.367980957,587.7681274414,1.0]],"IMG_4373.JPG":[[299.03125,331.5367126465,675.7525024414,202.4747619629,1161.3530273438,529.0369873047,648.3968505859,568.5521240234,1.0]],"IMG_7836 (1).JPG":[[166.4797363281,650.7954101562,606.7817382812,490.6082763672,1006.233215332,562.1635742188,298.1204223633,709.6112670898,1.0]],"IMG_5205.JPG":[[741.7899780273,300.4659729004,516.1290283203,314.5448303223,1029.1876220703,681.0842285156,402.4943237305,741.1253051758,1.0]],"IMG_1501.JPG":[[461.1428833008,779.9916992188,1048.2746582031,181.9621734619,404.196472168,375.6477050781,573.7537841797,717.4962768555,1.0]],