{"IMG_0950.JPG":[[581.077331543,417.5052490234,773.5059814453,415.6115722656,772.8544921875,598.8649291992,576.9935913086,594.1945800781,1.0]],"IMG_6516.JPG":[[416.3794250488,428.8905334473,583.0235595703,424.0053710938,587.6716918945,596.4281616211,415.2298583984,597.7702026367,1.0]],"IMG_9807.JPG":[[234.5559844971,285.376739502,491.6770324707,285.5513916016,481.2183837891,566.888671875,222.1062927246,562.5406494141,1.0]],"IMG_8695 (1).JPG":[[657.9551391602,428.2623901367,758.6098022461,368.6971435547,773.1254882812,674.3858032227,670.625,678.0824584961,1.0]],"IMG_4182.JPG":[[624.2709960938,349.6508483887,766.545715332,382.1973266602,763.9682006836,621.5470581055,627.1421508789,640.7395019531,1.0]],"IMG_1773.JPG":[[809.5776367188,388.5443115234,828.0569458008,379.4551086426,836.3648681641,563.5778198242,806.0927124023,559.0433959961,1.0]],"IMG_7423 (1).JPG":[[624.6506958008,438.8312072754,714.2501831055,416.9542541504,719.477355957,611.7368164062,625.994934082,612.8455200195,1.0]],"IMG_7851 (1).JPG":[[473.845703125,272.5950622559,868.7908325195,269.2399291992,883.2421264648,677.7775878906,453.0766906738,677.2154541016,1.0]],"IMG_0996.JPG":[[493.1075439453,458.0332336426,594.7421264648,454.314453125,593.5391235352,622.1835327148,494.4838867188,615.7025756836,1.0]],"IMG_7376 (1).JPG":[[530.6534423828,401.5205993652,642.3502197266,380.3048095703,644.4608154297,580.448425293,532.7956542969,581.0383911133,1.0]],"IMG_8210.JPG":[[694.3295898438,336.1255187988,776.8930664062,325.7210693359,777.0187988281,473.3323669434,696.3814697266,472.9365539551,1.0]],"IMG_7889 (1).JPG":[[547.0022583008,401.8852844238,812.7737426758,389.8956604004,825.0932006836,675.1441040039,532.3864135742,680.8961791992,1.0]],"IMG_1830.JPG":[[566.8881225586,417.6058959961,635.1966552734,406.7999572754,640.5832519531,564.3601074219,565.2512817383,563.5237426758,1.0]],"IMG_8061 (1).JPG":[[597.8176879883,444.0975952148,708.0845947266,415.8471984863,713.2665405273,639.9244384766,605.5913085938,638.7089233398,1.0]],"IMG_5838.JPG":[[486.8071594238,373.2038879395,635.0166625977,363.8810424805,638.3864746094,537.4963378906,482.6518554688,541.6006469727,1.0]],"IMG_0180.JPG":[[521.4893188477,222.8436279297,759.5797119141,198.8232421875,763.9014282227,480.1546630859,521.6243896484,472.588684082,1.0]],"IMG_2958.JPG":[[623.1992797852,405.6180725098,700.9860839844,334.9479064941,715.5525512695,679.3240966797,634.9340820312,686.5805664062,1.0]],"IMG_4797.JPG":[[538.8182983398,326.6947631836,674.2947998047,357.3774414062,674.0503540039,617.4265136719,535.9161376953,635.9178466797,1.0]],"IMG_5300.JPG":[[441.6134338379,363.2822570801,538.4792480469,343.8730773926,536.0521240234,550.674621582,442.4624633789,547.3645629883,1.0]],"IMG_6669.JPG":[[600.5921020508,438.6336669922,684.0012817383,422.5628356934,681.6558837891,606.8802490234,599.9898071289,602.7442016602,1.0]],"IMG_6783 (1).JPG":[[582.3426513672,447.9514770508,617.9920043945,437.4022827148,613.9910888672,624.7797241211,585.915222168,619.4862670898,1.0]],"IMG_7571.JPG":[[536.9916381836,454.015625,692.9702148438,440.6351928711,693.3051757812,607.4024658203,532.2288208008,606.6370239258,1.0]],"IMG_1784.JPG":[[598.5157470703,393.5593566895,637.6823120117,381.5342712402,642.2053222656,564.8078613281,598.3413085938,567.0281982422,1.0]],"IMG_6297.JPG":[[553.9569091797,414.7284240723,743.2592773438,427.8578796387,741.7924194336,637.0980224609,552.2943115234,648.7681274414,1.0]],"IMG_0958.JPG":[[498.7485656738,408.8982543945,697.5486450195,408.2309570312,697.7865600586,620.3071289062,496.1236877441,616.5838623047,1.0]],"IMG_1425.JPG":[[652.5588989258,401.7194213867,731.9981079102,388.4579772949,732.9459838867,580.6919555664,655.9113769531,577.4550170898,1.0]],"IMG_3807.JPG":[[589.7308349609,354.049407959,690.9049682617,331.4251403809,691.7752685547,581.290222168,590.1977539062,571.7412719727,1.0]],"IMG_2320.JPG":[[499.1835327148,426.839050293,699.3369750977,420.5182495117,703.9028930664,633.1418457031,499.5985107422,639.1660766602,1.0]],"IMG_9538.JPG":[[603.4755249023,484.1514587402,795.35546875,488.3953552246,786.5798950195,670.5986328125,606.3735961914,666.8998413086,1.0]],"IMG_3355.JPG":[[429.4509277344,172.3798370361,861.678894043,183.6770019531,845.8587036133,599.4993896484,436.9978942871,617.3853149414,1.0]],"IMG_8715.JPG":[[549.7009277344,365.0255737305,702.2396240234,371.0487060547,699.4793701172,537.6597290039,547.7746582031,538.0874023438,1.0]],"IMG_7698 (1).JPG":[[591.2581787109,324.00390625,822.444152832,361.8394775391,824.7600097656,620.3732299805,586.6107788086,621.1278076172,1.0]],"IMG_7506.JPG":[[535.5379638672,300.3711853027,739.1772460938,321.7183227539,736.475402832,556.9446411133,525.561340332,562.2227172852,1.0]],"IMG_7053 (1).JPG":[[492.927734375,404.9603881836,671.1034545898,414.7413635254,662.3499145508,588.0258789062,489.5493774414,586.2895507812,1.0]],"IMG_6720.JPG":[[527.3659057617,491.9520874023,608.0181884766,481.7184143066,605.3103027344,632.0646362305,525.2463378906,631.5237426758,1.0]],"IMG_1700.JPG":[[603.0328979492,365.8273620605,757.6807861328,316.6275634766,762.6329956055,647.8634033203,604.8971557617,638.0001831055,1.0]],"IMG_1746.JPG":[[630.8771362305,391.3560180664,661.8011474609,373.2802124023,655.3402099609,585.311340332,630.4559936523,585.3670654297,1.0]],"IMG_0664.JPG":[[433.0464477539,312.8788146973,509.7479553223,297.1954956055,505.5835571289,552.4135131836,432.2654724121,537.2150878906,1.0]],"IMG_7962 (1).JPG":[[438.4613647461,467.158782959,642.178527832,456.6443481445,634.4179077148,669.0051879883,438.6416625977,662.4517822266,1.0]],"IMG_3530.JPG":[[426.0942382812,360.705078125,532.9571533203,361.6309204102,539.8412475586,464.4742736816,425.9147033691,464.4677429199,1.0]],"IMG_8914.JPG":[[481.4070129395,163.7545013428,879.1156616211,247.5892333984,887.0050048828,718.1622924805,467.2487487793,761.4976806641,1.0]],"IMG_0111.JPG":[[526.2841796875,321.9691467285,843.7708129883,345.4869995117,853.0534667969,676.2883911133,516.6596069336,692.2065429688,1.0]],"IMG_3872.JPG":[[402.9384155273,339.6614379883,572.7172241211,343.2803649902,573.1119384766,522.1799316406,393.8499145508,524.3078613281,1.0]],"IMG_4888.JPG":[[492.7415466309,409.4588623047,700.693359375,428.9807739258,693.483215332,642.3018798828,495.8059692383,650.333984375,1.0]],"IMG_6793 (1).JPG":[[606.6293945312,406.2254333496,675.6654663086,374.2487487793,680.6651000977,636.0821533203,608.3698730469,629.6314086914,1.0]],"IMG_4239.JPG":[[611.0023803711,286.6801757812,736.4841918945,298.3033447266,739.3120727539,499.7456970215,611.5233154297,507.1813354492,1.0]],"IMG_6411.JPG":[[461.9584655762,404.8170471191,706.8273925781,410.4678955078,708.6493530273,648.1041870117,465.5750427246,648.9559936523,1.0]],"IMG_0467.JPG":[[550.502746582,338.2195129395,689.0688476562,345.5873718262,684.7194824219,499.6191711426,546.4766235352,501.3190917969,1.0]],"IMG_4668.JPG":[[551.8602294922,261.2894592285,763.9584350586,206.8148498535,761.1422729492,640.2174682617,556.9661254883,590.6798706055,1.0]],"IMG_8634 (1).JPG":[[470.2648010254,277.7972106934,639.6478881836,187.8202209473,646.2484130859,593.6652832031,458.2443237305,595.3009033203,1.0]],"IMG_1927.JPG":[[505.0234985352,320.6522827148,722.3732299805,285.8753051758,722.5546875,596.1879272461,500.1509094238,581.8497314453,1.0]],"IMG_9694.JPG":[[427.8408508301,359.9831848145,656.1440429688,358.837310791,658.7457885742,600.9865112305,420.9477844238,600.46484375,1.0]],"IMG_9611.JPG":[[482.5973205566,287.3750305176,876.2437744141,260.7684936523,905.0753173828,689.5497436523,470.6423950195,689.3687133789,1.0]],"IMG_8241.JPG":[[674.0090332031,319.0527038574,736.8348999023,313.8236694336,732.37109375,482.278717041,680.2002563477,472.9530944824,1.0]],"IMG_0219.JPG":[[505.9163818359,315.5625610352,737.1796875,325.7587890625,727.8608398438,539.1950683594,495.8992919922,537.4026489258,1.0]],