{"IMG_7176 (1).JPG":[[-57.9150886536,496.1343078613,1506.8093261719,230.5050964355,1237.2106933594,512.8366699219,565.5950317383,855.2952270508,1.0]],"IMG_7514.JPG":[[645.1416625977,46.4121704102,779.1149902344,280.5940856934,1084.7923583984,513.380859375,774.1388549805,732.1471557617,1.0]],"IMG_5868.JPG":[[1029.3360595703,434.7035522461,1065.6467285156,147.3037109375,333.7109375,565.6993408203,468.5019226074,310.9969177246,1.0]],"IMG_7623 (1).JPG":[[759.0400390625,736.7513427734,638.8256835938,706.3016357422,622.626953125,797.6989746094,-275.0793151855,405.9341125488,1.0]],"IMG_4391.JPG":[[366.8071289062,350.9791564941,905.126953125,363.0602722168,1348.7169189453,371.3926696777,552.8250732422,471.0999755859,1.0]],"IMG_9782.JPG":[[664.5067138672,415.5520935059,588.2728881836,112.0464096069,863.9599609375,577.4496459961,821.5437011719,363.5800170898,1.0]],"IMG_8476.JPG":[[939.9482421875,511.5476379395,1615.2718505859,508.6110534668,601.46875,172.7302398682,670.2702636719,763.2916259766,1.0]],"IMG_3143.JPG":[[502.4497680664,451.4707641602,639.7368774414,117.237449646,114.4311828613,348.0604248047,587.1830444336,699.4004516602,1.0]],"IMG_1339.JPG":[[126.7664718628,756.0704345703,1377.931640625,267.2817993164,975.5587768555,610.3566894531,924.491027832,385.8293151855,1.0]],"IMG_4332.JPG":[[874.8615112305,44.6133842468,272.9624328613,114.8232269287,1607.1463623047,670.9268798828,563.6650390625,426.5837402344,1.0]],"IMG_5129.JPG":[[254.342376709,43.2740631104,488.8218994141,438.0658874512,1065.7669677734,625.8505249023,1124.8089599609,486.6723632812,1.0]],"IMG_6536.JPG":[[972.5742797852,378.5201416016,1036.9071044922,284.9329833984,1569.1970214844,557.9353027344,546.716796875,622.7369384766,1.0]],"IMG_4881.JPG":[[198.3767089844,581.5162963867,925.3032226562,251.4348754883,1147.2374267578,836.4060058594,1030.1151123047,868.0386962891,1.0]],"IMG_0431.JPG":[[1042.1595458984,297.6821899414,810.5430297852,11.2359237671,261.2711486816,363.3272399902,914.9614868164,570.0419311523,1.0]],"IMG_9914.JPG":[[-58.3674507141,551.1251831055,915.0550537109,116.1760406494,1005.1490478516,461.2874145508,357.9375,147.0324249268,1.0]],"IMG_5627.JPG":[[747.8549194336,823.6794433594,899.1268310547,658.298034668,895.7653808594,313.8546447754,412.719909668,1025.6457519531,1.0]],"IMG_9044.JPG":[[695.4615478516,532.4693603516,819.8611450195,54.801651001,774.5302734375,799.5191040039,886.7064208984,543.4114379883,1.0]],"IMG_7951 (1).JPG":[[426.7360534668,307.2516479492,393.306060791,580.0906982422,1058.4868164062,558.7782592773,452.8380737305,136.9135284424,1.0]],"IMG_8539.JPG":[[141.9535827637,566.580078125,23.3466644287,271.5010070801,91.2512969971,516.1126708984,164.1876068115,611.1695556641,1.0]],"IMG_1924.JPG":[[581.0596313477,529.6276855469,622.8081665039,134.7096710205,117.4152603149,519.7222900391,346.9596862793,567.8119506836,1.0]],"IMG_9294.JPG":[[369.4344177246,287.5583190918,669.8041992188,664.4780883789,991.7326049805,423.2876586914,1039.4123535156,482.9873962402,1.0]],"IMG_9329.JPG":[[89.51612854,-125.9972000122,445.176574707,712.1381225586,731.5324707031,302.1937561035,495.8346252441,768.1290893555,1.0]],"IMG_5446.JPG":[[-161.0889434814,477.257019043,748.6206054688,179.8805389404,809.2194213867,444.0375976562,-76.4447097778,977.8596801758,1.0]],"IMG_9096.JPG":[[-735.9558105469,142.3407592773,695.0799560547,144.3889312744,973.8595581055,691.6547241211,822.0697021484,517.010925293,1.0]],"IMG_2380.JPG":[[1296.62109375,497.2855834961,360.6821899414,69.3942108154,236.2570953369,805.7950439453,794.0915527344,396.6852722168,1.0]],"IMG_3399.JPG":[[572.9453125,626.3302001953,977.7664794922,130.3507232666,603.6301879883,324.5256347656,467.4362487793,628.6920166016,1.0]],"IMG_2087.JPG":[[541.6616210938,291.2202148438,581.7732543945,136.0571899414,1015.6568603516,667.2504272461,154.0945129395,403.4592895508,1.0]],"IMG_3925.JPG":[[398.2213745117,373.3815307617,757.9129638672,692.3422851562,466.7546081543,601.0995483398,241.8607940674,355.4851074219,1.0]],"IMG_8273 (1).JPG":[[-172.3648529053,349.2126464844,640.3392333984,1015.1893310547,1077.7326660156,647.7405395508,461.6007995605,442.2673339844,1.0]],"IMG_8047.JPG":[[194.3826293945,273.1358032227,-350.7801208496,626.4998779297,663.0740966797,422.7974853516,175.2402038574,454.1221313477,1.0]],"IMG_1421.JPG":[[733.0565185547,103.9067764282,659.4424438477,439.2189331055,607.9262695312,1022.3581542969,677.0571289062,717.46484375,1.0]],"IMG_4166.JPG":[[299.3984985352,325.9362792969,160.3564758301,216.413269043,579.8602905273,778.5540161133,428.0982666016,622.641784668,1.0]],"IMG_4777.JPG":[[662.4046020508,534.0291137695,1063.1556396484,142.2985076904,769.7856445312,383.8084716797,1150.1412353516,199.2695617676,1.0]],"IMG_4764.JPG":[[460.4410705566,424.5601196289,999.9926147461,365.5623474121,971.5594482422,600.9860839844,682.8558959961,302.8235778809,1.0]],"IMG_3672.JPG":[[1145.4841308594,391.5141296387,864.8723754883,53.3740386963,967.3868408203,647.2870483398,-35.2633056641,550.803527832,1.0]],"IMG_5859.JPG":[[1263.5870361328,282.4565429688,813.1289672852,271.6242980957,912.1108398438,537.7611694336,1071.1740722656,480.9941101074,1.0]],"IMG_8178.JPG":[[555.2713623047,454.83984375,486.3593139648,33.0169219971,528.3225708008,294.7974243164,742.0406494141,543.8319702148,1.0]],"IMG_8784.JPG":[[338.0463256836,352.3951416016,293.0895996094,393.2287597656,611.4163818359,708.4033203125,889.6796875,444.4051513672,1.0]],"IMG_3070.JPG":[[94.2554626465,468.3260498047,824.9996337891,797.6683959961,374.133392334,640.6057739258,543.1514282227,409.483001709,1.0]],"IMG_8190.JPG":[[586.2922973633,98.6594467163,641.1998291016,385.285736084,1016.7399902344,732.0396728516,466.3710021973,603.383972168,1.0]],"IMG_7996.JPG":[[861.7700195312,421.4805297852,1031.1007080078,775.657409668,690.2591552734,877.556640625,334.5904541016,709.467590332,1.0]],"IMG_6728.JPG":[[316.1024475098,230.4823303223,1382.5860595703,511.7307739258,443.0534973145,540.4515991211,875.9849853516,52.8632507324,1.0]],"IMG_7361 (1).JPG":[[333.0580444336,372.8034973145,898.7518920898,232.2246246338,888.5447387695,360.5804443359,490.3619689941,512.1557617188,1.0]],"IMG_8009 (1).JPG":[[763.8881835938,448.4758300781,38.2597045898,-118.7682647705,864.8587646484,1129.7255859375,363.3335266113,419.7843017578,1.0]],"IMG_8509 (1).JPG":[[432.1308288574,485.8916625977,618.7331542969,356.9834594727,1014.0072631836,698.2930297852,227.1567077637,1005.3593139648,1.0]],"IMG_7937 (1).JPG":[[630.0119628906,491.9828796387,958.1987304688,696.9289550781,4.3772749901,839.7229003906,475.7615356445,955.4168701172,1.0]],"IMG_3010.JPG":[[323.2583312988,404.9706115723,714.5822143555,652.8640136719,354.3854370117,769.0502929688,177.6848907471,203.8340454102,1.0]],"IMG_8821.JPG":[[49.021686554,456.6796875,1184.1807861328,279.6738891602,707.4575195312,710.9824829102,1184.4942626953,392.6492919922,1.0]],"IMG_2794.JPG":[[507.3488769531,448.0928344727,954.0916137695,367.837310791,1146.0582275391,639.1282958984,362.4362182617,527.4217529297,1.0]],"IMG_2843.JPG":[[403.2289428711,783.9819335938,1098.1130371094,513.6143188477,313.4870300293,507.9016723633,574.7653808594,725.4470214844,1.0]],"IMG_2184.JPG":[[575.928527832,440.4962158203,574.0200805664,789.1381835938,1084.9427490234,368.2261962891,1154.4693603516,731.2556762695,1.0]],"IMG_4373.JPG":[[456.3067932129,297.9299316406,675.1929321289,123.2456665039,1625.4329833984,485.1719055176,796.0374755859,643.9505615234,1.0]],"IMG_7836 (1).JPG":[[87.7887878418,686.7756958008,561.0877075195,383.3027648926,1101.2396240234,689.4729003906,289.7247924805,804.1716308594,1.0]],"IMG_5205.JPG":[[820.9888305664,233.552520752,441.608215332,394.491607666,1265.8809814453,702.1252441406,225.9136047363,752.1063232422,1.0]],"IMG_1501.JPG":[[119.6124954224,1149.1146240234,1092.8295898438,61.1035118103,373.58203125,303.6575012207,539.4561157227,722.2614135742,1.0]],