{"IMG_0950.JPG":[[582.2104492188,417.6586303711,773.4781494141,415.8398742676,773.5144042969,599.1196899414,577.0034790039,594.6470947266,1.0]],"IMG_6516.JPG":[[417.2581787109,429.2946472168,582.2460327148,424.7585144043,586.2633666992,596.7591552734,415.8660888672,598.3997192383,1.0]],"IMG_9807.JPG":[[234.3679199219,286.9233703613,491.8547058105,286.434387207,481.2907409668,566.4391479492,222.0581359863,561.9866943359,1.0]],"IMG_8695 (1).JPG":[[658.4235839844,428.2744750977,757.7244262695,367.8387145996,772.7131958008,674.4004516602,670.6950683594,677.8785400391,1.0]],"IMG_4182.JPG":[[623.3317871094,349.6534423828,767.7551269531,381.7504882812,765.2249145508,621.7571411133,626.3123168945,641.3684692383,1.0]],"IMG_1773.JPG":[[809.6416015625,390.1140136719,829.3081054688,379.4527587891,836.0062866211,563.4534301758,805.9120483398,559.0061645508,1.0]],"IMG_7423 (1).JPG":[[623.3328857422,438.7745056152,715.3790283203,416.6473999023,719.7268676758,611.7403564453,624.9287719727,613.3276977539,1.0]],"IMG_7851 (1).JPG":[[474.5646362305,272.6990966797,869.3243408203,269.6636352539,883.9442138672,677.6827392578,452.0604858398,678.354309082,1.0]],"IMG_0996.JPG":[[494.8765563965,458.01953125,595.5477905273,453.7526245117,593.3472900391,622.0036621094,495.0823974609,615.2392578125,1.0]],"IMG_7376 (1).JPG":[[530.9579467773,401.7246398926,642.9768066406,380.859588623,644.7245483398,580.2243041992,533.1954956055,581.1025390625,1.0]],"IMG_8210.JPG":[[694.5422973633,336.0526123047,777.3911743164,325.7170715332,777.1080932617,472.6448059082,696.9536132812,472.7543945312,1.0]],"IMG_7889 (1).JPG":[[544.2327880859,403.1736450195,817.6201171875,391.6801452637,826.006652832,674.8461303711,531.3706054688,682.3491210938,1.0]],"IMG_1830.JPG":[[568.0534667969,418.5860290527,634.6654663086,407.4604492188,637.8516235352,564.3994140625,565.0650634766,563.4622802734,1.0]],"IMG_8061 (1).JPG":[[597.8488769531,444.6976928711,709.6415405273,416.0594177246,714.3159790039,640.1319580078,604.9111938477,639.1705322266,1.0]],"IMG_5838.JPG":[[485.3369140625,373.6724243164,636.9451904297,363.694152832,639.5694580078,537.6633911133,480.7215576172,541.8939819336,1.0]],"IMG_0180.JPG":[[521.3532104492,222.9071655273,759.6393432617,199.2933197021,764.0006103516,479.6447753906,519.9625244141,472.3500366211,1.0]],"IMG_2958.JPG":[[622.751953125,406.5834655762,701.2022094727,334.2417602539,715.5137939453,680.0543823242,633.4029541016,688.2198486328,1.0]],"IMG_4797.JPG":[[538.3674316406,326.3332519531,674.7730712891,357.549041748,674.0540161133,617.2136230469,535.1982421875,636.1851806641,1.0]],"IMG_5300.JPG":[[441.1448669434,363.0178527832,538.2734375,343.9711303711,535.5050048828,550.6621704102,442.087890625,547.6132202148,1.0]],"IMG_6669.JPG":[[600.8179321289,438.2272949219,684.1865844727,422.4077453613,682.2202148438,606.8823852539,599.8411865234,602.9879760742,1.0]],"IMG_6783 (1).JPG":[[582.6231689453,448.231262207,618.6557617188,438.2655029297,614.1539306641,625.6010742188,585.4051513672,620.1391601562,1.0]],"IMG_7571.JPG":[[536.4644775391,453.9087219238,691.9453735352,441.7170410156,694.2153320312,607.8657226562,532.2650756836,607.6996459961,1.0]],"IMG_1784.JPG":[[597.1752319336,393.4550476074,637.512878418,381.6718139648,641.8263549805,565.0900878906,596.9484863281,566.9331665039,1.0]],"IMG_6297.JPG":[[553.1638793945,413.5605773926,741.8604736328,429.5365600586,740.5814208984,636.3243408203,551.3103637695,649.1317138672,1.0]],"IMG_0958.JPG":[[498.3657531738,409.1255493164,697.774597168,408.6833190918,697.9901733398,620.4349365234,495.3961791992,616.4675292969,1.0]],"IMG_1425.JPG":[[651.7748413086,400.9105834961,733.755065918,387.6935119629,734.6723632812,580.7301635742,655.3813476562,577.9880371094,1.0]],"IMG_3807.JPG":[[587.8627319336,353.7905883789,692.8135986328,330.892791748,692.485534668,581.2824707031,588.7698974609,572.8179931641,1.0]],"IMG_2320.JPG":[[500.4174804688,426.2103881836,697.5967407227,420.1298828125,703.3363037109,634.4873657227,499.2637939453,639.9222412109,1.0]],"IMG_9538.JPG":[[602.9159545898,482.7730712891,797.2454833984,488.7714233398,789.2882080078,671.1607055664,605.3172607422,666.891784668,1.0]],"IMG_3355.JPG":[[430.5773925781,173.2954101562,863.6985473633,184.424697876,845.7625732422,599.8798828125,437.0479431152,617.5147705078,1.0]],"IMG_8715.JPG":[[550.5356445312,365.19140625,702.8145751953,370.9189758301,699.4020996094,536.9061889648,548.224609375,537.9234619141,1.0]],"IMG_7698 (1).JPG":[[591.3737182617,324.6169433594,822.501159668,362.3264465332,824.2743530273,621.1821289062,587.0375366211,621.9600219727,1.0]],"IMG_7506.JPG":[[535.6633300781,300.1930541992,738.3892211914,322.5383300781,735.2544555664,557.1773681641,527.2727050781,561.5513916016,1.0]],"IMG_7053 (1).JPG":[[492.782989502,404.4384155273,670.8745117188,414.6658935547,662.0257568359,587.928527832,490.4231872559,586.23828125,1.0]],"IMG_6720.JPG":[[527.6260375977,491.9203491211,609.3009033203,481.7068786621,605.0745239258,632.3375854492,525.5510864258,631.6732177734,1.0]],"IMG_1700.JPG":[[604.0236816406,366.1176147461,757.8017578125,315.8762817383,763.0864257812,647.5582275391,602.3893432617,638.2154541016,1.0]],"IMG_1746.JPG":[[629.8127441406,392.5746765137,662.1097412109,372.1563720703,656.7451782227,586.0170288086,629.7983398438,583.4848022461,1.0]],"IMG_0664.JPG":[[433.5418395996,312.3670043945,508.3526000977,296.8292236328,503.6875915527,552.744140625,431.7276000977,537.6778564453,1.0]],"IMG_7962 (1).JPG":[[438.4975891113,466.6004333496,641.2142333984,456.6856994629,633.4008789062,668.9743652344,438.3588562012,662.2623901367,1.0]],"IMG_3530.JPG":[[428.7302246094,360.5183105469,532.2050170898,361.2939147949,538.3926391602,463.923614502,428.0155944824,464.5955505371,1.0]],"IMG_8914.JPG":[[480.3531494141,162.1575317383,879.4002075195,247.5016326904,888.4068603516,717.0790405273,466.1228637695,762.1892089844,1.0]],"IMG_0111.JPG":[[527.6646118164,322.0525512695,843.1985473633,346.6177368164,852.6055908203,677.2295532227,519.6723022461,691.6408081055,1.0]],"IMG_3872.JPG":[[402.0428161621,339.4724731445,572.9713134766,343.1781005859,574.1458129883,522.0609130859,393.28515625,523.9969482422,1.0]],"IMG_4888.JPG":[[492.6444396973,409.693572998,701.459777832,429.3974609375,693.5486450195,643.4196166992,494.4211730957,648.5108642578,1.0]],"IMG_6793 (1).JPG":[[606.4032592773,406.5137634277,675.892578125,374.2142028809,682.9306030273,636.2988891602,604.9572143555,629.07421875,1.0]],"IMG_4239.JPG":[[610.4626464844,286.9101867676,737.4745483398,298.1539611816,739.1317138672,499.8970947266,609.7095947266,507.2492675781,1.0]],"IMG_6411.JPG":[[461.4805297852,405.173828125,706.752746582,410.8087158203,708.8017578125,647.5879516602,466.1476745605,649.892578125,1.0]],"IMG_0467.JPG":[[551.106628418,337.5510253906,688.8497924805,345.2935791016,685.2132568359,500.2133178711,544.5040893555,500.5979919434,1.0]],"IMG_4668.JPG":[[553.4525146484,260.532409668,763.6913452148,206.3208770752,759.3813476562,640.2416992188,557.7760009766,591.0593261719,1.0]],"IMG_8634 (1).JPG":[[470.7118835449,276.6219787598,640.207824707,188.1185760498,645.3481445312,594.1351928711,458.5501403809,596.6204223633,1.0]],"IMG_1927.JPG":[[504.8917236328,320.4378051758,721.908203125,284.7178344727,724.2410888672,595.8422851562,498.483215332,581.859375,1.0]],"IMG_9694.JPG":[[427.3268127441,360.1197814941,657.2725830078,358.894744873,658.0264892578,600.6565551758,419.4556884766,599.9083862305,1.0]],"IMG_9611.JPG":[[483.759979248,288.4078369141,876.2121582031,261.0971679688,905.4206542969,688.7897338867,470.6442260742,689.6956787109,1.0]],"IMG_8241.JPG":[[674.044128418,319.5569152832,737.0933227539,313.4621276855,732.7597045898,481.3667297363,679.6842651367,472.8987426758,1.0]],"IMG_0219.JPG":[[505.7223510742,315.049621582,735.4538574219,325.6872558594,726.376159668,538.0349121094,496.4713745117,536.9476928711,1.0]],