{"IMG_0950.JPG":[[581.1676635742,417.3450317383,773.6801757812,416.0341796875,772.8937988281,599.2525634766,577.245300293,594.5611572266,1.0]],"IMG_6516.JPG":[[417.3569641113,429.1300048828,582.8694458008,424.3524169922,586.8664550781,596.4323120117,416.0611877441,598.0812988281,1.0]],"IMG_9807.JPG":[[236.8928833008,286.6035461426,491.6551513672,286.2003479004,481.6850585938,566.5681152344,224.1708221436,562.1481933594,1.0]],"IMG_8695 (1).JPG":[[657.7979125977,428.2506103516,758.5440673828,368.1506958008,773.1600952148,674.0358276367,670.174621582,677.7529296875,1.0]],"IMG_4182.JPG":[[623.7109985352,349.9905395508,767.3703613281,381.7172851562,764.3034667969,621.8435668945,626.7828369141,640.7564697266,1.0]],"IMG_1773.JPG":[[809.3630371094,388.4230651855,828.4204101562,379.1674804688,836.6676025391,563.2309570312,805.2405395508,559.6008911133,1.0]],"IMG_7423 (1).JPG":[[623.7198486328,438.9275512695,715.2044067383,416.923828125,719.7255859375,611.8959960938,625.1689453125,613.3162841797,1.0]],"IMG_7851 (1).JPG":[[474.0327453613,273.0544433594,869.0924072266,269.6568603516,884.3272094727,677.9323120117,453.3275146484,677.1958007812,1.0]],"IMG_0996.JPG":[[493.7033691406,458.4597167969,595.2766723633,454.266998291,593.31640625,622.3518066406,494.8188171387,615.3753662109,1.0]],"IMG_7376 (1).JPG":[[530.6381835938,401.7762451172,643.3670043945,380.6520385742,645.1176757812,580.6168823242,532.614440918,581.3583374023,1.0]],"IMG_8210.JPG":[[694.5122070312,336.4005432129,777.4362182617,325.8563842773,776.6109619141,472.880065918,696.594543457,472.7777709961,1.0]],"IMG_7889 (1).JPG":[[545.8623046875,401.2042541504,812.2587890625,390.2543945312,824.8788452148,675.569519043,533.25,682.055480957,1.0]],"IMG_1830.JPG":[[566.7723388672,417.6237792969,634.9443969727,407.1819763184,638.9122314453,564.3178710938,565.1594238281,564.0029907227,1.0]],"IMG_8061 (1).JPG":[[597.4021606445,444.8328857422,709.2177124023,416.123840332,713.6828613281,640.336730957,604.977722168,639.067199707,1.0]],"IMG_5838.JPG":[[486.4253234863,373.6253356934,635.8248291016,363.8288574219,638.3366088867,537.7147827148,482.0637817383,541.8309326172,1.0]],"IMG_0180.JPG":[[523.3764648438,223.3805541992,759.6228637695,199.6393127441,763.2557373047,480.3160095215,522.4808349609,473.4287109375,1.0]],"IMG_2958.JPG":[[622.6179199219,406.165435791,701.1820678711,334.7124023438,715.6198730469,679.6909790039,633.991394043,687.4959106445,1.0]],"IMG_4797.JPG":[[538.7815551758,326.8536987305,674.3591308594,357.5312805176,673.9040527344,617.602722168,535.5197143555,635.8244628906,1.0]],"IMG_5300.JPG":[[441.5972900391,363.5939025879,538.6873779297,344.3769226074,535.8478393555,550.3917236328,443.0620117188,547.8489379883,1.0]],"IMG_6669.JPG":[[600.5336303711,438.7821350098,684.57421875,422.6587219238,682.4129638672,606.9758300781,599.5451660156,603.1065673828,1.0]],"IMG_6783 (1).JPG":[[582.0485839844,448.2621154785,618.576171875,437.7298278809,614.495300293,625.1836547852,585.2431640625,619.9219360352,1.0]],"IMG_7571.JPG":[[536.7595214844,453.6488952637,693.6151123047,441.1530151367,693.2660522461,607.9010620117,532.5407104492,606.6422729492,1.0]],"IMG_1784.JPG":[[597.8187255859,393.3912658691,638.1826171875,381.518951416,642.4356689453,564.901550293,597.3463134766,567.006652832,1.0]],"IMG_6297.JPG":[[553.6220092773,414.5893554688,742.7427368164,428.158416748,742.736328125,637.7216186523,553.1262207031,649.9362182617,1.0]],"IMG_0958.JPG":[[498.8393249512,408.4320068359,697.7868041992,408.4190673828,698.1065673828,620.2918701172,496.0877990723,616.6298828125,1.0]],"IMG_1425.JPG":[[652.0877685547,401.1117248535,733.2772216797,387.6417236328,732.6942749023,582.5974121094,655.6662597656,576.7681274414,1.0]],"IMG_3807.JPG":[[589.0166625977,353.9674072266,691.3171386719,331.2840270996,691.4521484375,581.7523193359,589.4719238281,572.3446044922,1.0]],"IMG_2320.JPG":[[499.0118103027,426.6003417969,700.024597168,420.8450927734,703.951171875,634.0070800781,499.0010070801,639.4674072266,1.0]],"IMG_9538.JPG":[[602.6482543945,483.2887573242,797.3422851562,488.7331237793,786.8258056641,671.0541992188,605.4266357422,666.7515258789,1.0]],"IMG_3355.JPG":[[429.1477661133,173.0732879639,862.6275634766,184.0851745605,846.1328735352,599.8952636719,436.2230529785,617.9623413086,1.0]],"IMG_8715.JPG":[[550.6038208008,365.2812194824,702.4464111328,371.063079834,699.5321044922,537.4400024414,548.2536010742,538.2219238281,1.0]],"IMG_7698 (1).JPG":[[591.0763549805,324.3086853027,822.834777832,362.2877502441,824.4959106445,620.8895263672,586.6415405273,621.3436279297,1.0]],"IMG_7506.JPG":[[535.9122924805,300.7546386719,738.7459716797,322.1794433594,735.8544921875,557.4490356445,526.2249145508,562.176940918,1.0]],"IMG_7053 (1).JPG":[[493.0790405273,405.0060424805,671.7742919922,414.883392334,663.1201171875,588.4437866211,490.163482666,586.1684570312,1.0]],"IMG_6720.JPG":[[527.2954101562,492.2015380859,609.5216674805,481.8883056641,605.6968994141,632.0097045898,525.5413818359,631.5029296875,1.0]],"IMG_1700.JPG":[[602.3667602539,366.4227294922,758.0623168945,316.1724853516,762.8636474609,648.3385620117,604.4437255859,638.8147583008,1.0]],"IMG_1746.JPG":[[631.0913696289,392.2910766602,661.8788452148,372.5706481934,654.8408203125,585.6656494141,628.9267578125,584.7742919922,1.0]],"IMG_0664.JPG":[[433.6632385254,313.0300292969,509.2884521484,297.1647033691,504.5765380859,552.5453491211,432.9445495605,537.7787475586,1.0]],"IMG_7962 (1).JPG":[[439.0560302734,466.9868774414,642.5771484375,456.6933898926,633.9939575195,668.9924926758,438.8207092285,662.2972412109,1.0]],"IMG_3530.JPG":[[428.3356628418,360.875213623,532.0854492188,361.5213623047,538.2941894531,464.0133056641,427.4267883301,464.4360656738,1.0]],"IMG_8914.JPG":[[480.0251159668,163.4678344727,880.6708984375,247.5948486328,887.842590332,718.1810913086,466.6030578613,760.8519897461,1.0]],"IMG_0111.JPG":[[526.2775268555,321.4670410156,844.0380859375,346.7994689941,852.2542724609,676.7690429688,517.3547973633,690.9787597656,1.0]],"IMG_3872.JPG":[[403.4790649414,339.3902893066,572.630859375,343.2042236328,573.6615600586,521.8869018555,394.8205871582,523.3087768555,1.0]],"IMG_4888.JPG":[[491.8897094727,408.9104003906,700.2149047852,429.2625732422,694.0008544922,642.7758789062,496.0297546387,650.1971435547,1.0]],"IMG_6793 (1).JPG":[[606.3872680664,406.727142334,676.1413574219,374.1644897461,682.0281982422,636.8670043945,607.078125,630.0045776367,1.0]],"IMG_4239.JPG":[[611.5685424805,287.168548584,736.5106201172,298.157989502,739.1174926758,500.038269043,611.5628051758,507.2579650879,1.0]],"IMG_6411.JPG":[[461.7676391602,405.1502075195,707.2401123047,410.4894104004,709.1013793945,648.3060302734,465.339050293,649.1507568359,1.0]],"IMG_0467.JPG":[[549.9376831055,338.9454650879,689.0177612305,346.3002624512,685.2772827148,500.4878845215,546.1260986328,501.4848937988,1.0]],"IMG_4668.JPG":[[553.3181762695,261.3790588379,763.7247924805,206.2454223633,759.8514404297,640.2349243164,557.3411254883,590.8950805664,1.0]],"IMG_8634 (1).JPG":[[471.3125305176,277.1721801758,639.942565918,188.1988677979,645.5783081055,593.6598510742,459.2702636719,595.8684692383,1.0]],"IMG_1927.JPG":[[504.5023193359,320.0619812012,722.3011474609,286.4147644043,722.8135375977,596.0129394531,499.9075012207,582.4883422852,1.0]],"IMG_9694.JPG":[[427.9728393555,360.5319519043,657.1806640625,359.1625366211,658.5759887695,601.549621582,420.3515625,600.0122070312,1.0]],"IMG_9611.JPG":[[482.8581542969,288.0277099609,875.8014526367,261.0600280762,905.2415771484,689.3934936523,471.4857177734,689.0138549805,1.0]],"IMG_8241.JPG":[[674.2850341797,319.4385681152,737.3865356445,313.6442871094,732.6002197266,482.0131530762,680.1304321289,473.0635375977,1.0]],"IMG_0219.JPG":[[505.3865966797,315.67578125,737.8352661133,326.1556091309,727.5881958008,539.3650512695,495.9701843262,536.8198852539,1.0]],"IMG_6291.JPG":[[593.3867797852,462.0238342285,753.2617797852,474.1699829102,753.8701782227,646.7770996094,593.8201904297,650.6469116211,1.0]],